Year,Type of Crime,Date,Time,Latitude,Longitude,Location,Arrest
2017,DECEPTIVE PRACTICE,3/1/2018,3:52:00 PM,42.0122934,-87.69971411,CURRENCY EXCHANGE,TRUE
2017,CRIMINAL DAMAGE,3/1/2018,3:52:00 PM,41.91871165,-87.76551063,JAIL / LOCK-UP FACILITY,TRUE
2017,OTHER OFFENSE,3/1/2018,3:52:00 PM,41.81466978,-87.6907267,APARTMENT,TRUE
2017,DECEPTIVE PRACTICE,3/1/2018,3:52:00 PM,41.93858144,-87.76583058,CURRENCY EXCHANGE,TRUE
2017,CRIM SEXUAL ASSAULT,3/1/2018,3:52:00 PM,41.8958051,-87.68315936,STREET,TRUE
2017,WEAPONS VIOLATION,2/11/2018,3:54:00 PM,41.78742694,-87.62175873,ALLEY,TRUE
2017,ROBBERY,2/11/2018,3:54:00 PM,41.70706214,-87.63148256,SMALL RETAIL STORE,TRUE
2017,THEFT,2/11/2018,3:54:00 PM,41.84451047,-87.70551945,OTHER,TRUE
2017,OTHER OFFENSE,2/11/2018,3:54:00 PM,41.84377813,-87.69463768,JAIL / LOCK-UP FACILITY,TRUE
2017,ROBBERY,2/11/2018,3:54:00 PM,41.89447592,-87.70216916,SIDEWALK,TRUE
2017,ROBBERY,2/11/2018,3:54:00 PM,41.89510124,-87.68437857,STREET,TRUE
2017,DECEPTIVE PRACTICE,3/1/2018,3:52:00 PM,,,CURRENCY EXCHANGE,TRUE
2017,ARSON,3/1/2018,3:54:00 PM,41.83257109,-87.70468577,"SCHOOL, PRIVATE, BUILDING",FALSE
2018,DECEPTIVE PRACTICE,2/11/2018,3:57:00 PM,,,,FALSE
2017,CRIM SEXUAL ASSAULT,2/11/2018,3:57:00 PM,,,RESIDENCE,FALSE
2017,THEFT,2/11/2018,3:57:00 PM,,,RESIDENCE,FALSE
2017,OTHER OFFENSE,2/11/2018,3:57:00 PM,,,APARTMENT,FALSE
2017,OFFENSE INVOLVING CHILDREN,2/11/2018,3:57:00 PM,,,RESIDENCE,FALSE
2017,OFFENSE INVOLVING CHILDREN,2/11/2018,3:57:00 PM,,,RESIDENCE,FALSE
2017,OFFENSE INVOLVING CHILDREN,2/11/2018,3:57:00 PM,,,APARTMENT,FALSE
2017,SEX OFFENSE,2/11/2018,3:57:00 PM,,,"SCHOOL, PUBLIC, BUILDING",FALSE
2017,OFFENSE INVOLVING CHILDREN,2/11/2018,3:57:00 PM,,,APARTMENT,FALSE
2017,BURGLARY,2/11/2018,3:57:00 PM,,,OTHER,FALSE
2017,CRIMINAL DAMAGE,2/11/2018,3:57:00 PM,,,APARTMENT,FALSE
2017,DECEPTIVE PRACTICE,2/11/2018,3:57:00 PM,,,,FALSE
2017,CRIM SEXUAL ASSAULT,2/11/2018,3:57:00 PM,,,HOTEL/MOTEL,FALSE
2017,ARSON,2/12/2018,3:49:00 PM,41.75564461,-87.64050812,VEHICLE NON-COMMERCIAL,FALSE
2017,BATTERY,2/12/2018,3:46:00 PM,41.85279603,-87.6966622,APARTMENT,TRUE
2017,DECEPTIVE PRACTICE,2/12/2018,3:46:00 PM,41.71272093,-87.68181398,GAS STATION,TRUE
2017,THEFT,2/12/2018,3:46:00 PM,41.69006147,-87.61820129,RESIDENTIAL YARD (FRONT/BACK),FALSE
2018,THEFT,2/12/2018,3:49:00 PM,,,RESIDENCE-GARAGE,FALSE
2017,OTHER OFFENSE,2/12/2018,3:49:00 PM,,,RESIDENCE,FALSE
2017,DECEPTIVE PRACTICE,2/12/2018,3:49:00 PM,,,APARTMENT,FALSE
2017,DECEPTIVE PRACTICE,2/12/2018,3:49:00 PM,,,POOL ROOM,FALSE
2017,DECEPTIVE PRACTICE,2/12/2018,3:49:00 PM,,,RESIDENCE,FALSE
2018,THEFT,2/12/2018,3:49:00 PM,,,AIRPORT TERMINAL LOWER LEVEL - NON-SECURE AREA,FALSE
2017,DECEPTIVE PRACTICE,2/12/2018,3:49:00 PM,,,,FALSE
2017,BURGLARY,2/12/2018,3:49:00 PM,,,VACANT LOT/LAND,FALSE
2017,OTHER OFFENSE,2/12/2018,3:49:00 PM,,,RESIDENCE,FALSE
2017,OTHER OFFENSE,2/13/2018,3:56:00 PM,41.87788742,-87.76477792,STREET,FALSE
2017,CRIMINAL TRESPASS,2/13/2018,3:56:00 PM,41.75033427,-87.66504531,APARTMENT,TRUE
2017,ROBBERY,2/13/2018,3:56:00 PM,41.86713159,-87.7208023,SIDEWALK,TRUE
2017,BATTERY,2/13/2018,3:56:00 PM,41.91595749,-87.67666839,STREET,TRUE
2017,BURGLARY,2/13/2018,3:56:00 PM,41.89746717,-87.76913688,RESIDENCE,TRUE
2017,BATTERY,2/13/2018,3:56:00 PM,41.86333078,-87.72752371,APARTMENT,TRUE
2017,BATTERY,2/13/2018,3:56:00 PM,41.79197549,-87.64631068,APARTMENT,TRUE
2017,BATTERY,2/13/2018,3:56:00 PM,41.86333078,-87.72752371,ALLEY,TRUE
2017,CRIMINAL DAMAGE,2/13/2018,3:56:00 PM,41.86333078,-87.72752371,RESIDENTIAL YARD (FRONT/BACK),TRUE
2017,ROBBERY,2/13/2018,3:56:00 PM,41.72717528,-87.60459441,SIDEWALK,TRUE
2017,BURGLARY,2/13/2018,3:56:00 PM,41.95479392,-87.70315154,APARTMENT,TRUE
2018,OTHER OFFENSE,2/12/2018,3:49:00 PM,,,RESIDENCE,FALSE
2017,DECEPTIVE PRACTICE,2/13/2018,3:56:00 PM,41.92695681,-87.70570027,COMMERCIAL / BUSINESS OFFICE,FALSE
2018,CRIMINAL DAMAGE,5/4/2018,3:51:00 PM,41.80288276,-87.60642192,SMALL RETAIL STORE,FALSE
2017,DECEPTIVE PRACTICE,2/13/2018,3:56:00 PM,,,APARTMENT,FALSE
2017,BURGLARY,2/10/2018,3:50:00 PM,41.75645749,-87.55285393,APARTMENT,FALSE
2017,BATTERY,2/10/2018,3:50:00 PM,41.75905551,-87.56125968,STREET,FALSE
2017,THEFT,2/13/2018,3:58:00 PM,,,ATHLETIC CLUB,FALSE
2017,OTHER OFFENSE,2/13/2018,3:58:00 PM,,,RESIDENCE,FALSE
2017,DECEPTIVE PRACTICE,2/13/2018,3:58:00 PM,,,RESIDENCE,FALSE
2017,DECEPTIVE PRACTICE,2/13/2018,3:58:00 PM,,,RESIDENCE,FALSE
2017,DECEPTIVE PRACTICE,2/13/2018,3:58:00 PM,,,APARTMENT,FALSE
2017,DECEPTIVE PRACTICE,2/13/2018,3:58:00 PM,,,APARTMENT,FALSE
2017,BURGLARY,2/13/2018,3:58:00 PM,,,RESIDENCE,FALSE
2017,DECEPTIVE PRACTICE,2/13/2018,3:58:00 PM,,,RESIDENCE,FALSE
2017,DECEPTIVE PRACTICE,2/13/2018,3:58:00 PM,,,APARTMENT,FALSE
2017,THEFT,2/13/2018,3:58:00 PM,,,RESTAURANT,FALSE
2017,OTHER OFFENSE,2/13/2018,3:58:00 PM,,,RESIDENCE,FALSE
2017,DECEPTIVE PRACTICE,2/13/2018,3:58:00 PM,,,RESIDENCE,FALSE
2017,DECEPTIVE PRACTICE,2/13/2018,3:58:00 PM,,,RESIDENCE,FALSE
2017,CRIMINAL DAMAGE,2/13/2018,3:58:00 PM,,,RESIDENCE-GARAGE,FALSE
2017,ROBBERY,2/13/2018,3:58:00 PM,,,CONVENIENCE STORE,FALSE
2017,DECEPTIVE PRACTICE,2/13/2018,3:58:00 PM,,,,FALSE
2017,DECEPTIVE PRACTICE,2/13/2018,3:58:00 PM,,,,FALSE
2017,DECEPTIVE PRACTICE,2/13/2018,3:58:00 PM,,,,FALSE
2017,ASSAULT,2/13/2018,3:58:00 PM,,,RESIDENTIAL YARD (FRONT/BACK),FALSE
2017,THEFT,2/13/2018,3:58:00 PM,,,CTA STATION,FALSE
2018,HOMICIDE,3/18/2019,4:08:00 PM,41.78082323,-87.65331894,APARTMENT,FALSE
2017,SEX OFFENSE,2/14/2018,3:49:00 PM,41.9206927,-87.64003,RESIDENCE,FALSE
2017,THEFT,2/14/2018,3:49:00 PM,41.88239406,-87.6278448,SMALL RETAIL STORE,TRUE
2017,BATTERY,2/14/2018,3:49:00 PM,41.96726424,-87.70476792,APARTMENT,TRUE
2017,BURGLARY,2/14/2018,3:49:00 PM,41.89469218,-87.61563657,RESIDENCE,FALSE
2017,ROBBERY,2/14/2018,3:49:00 PM,41.72902835,-87.58674337,RESIDENTIAL YARD (FRONT/BACK),TRUE
2017,BATTERY,2/10/2018,3:50:00 PM,41.75436382,-87.58337864,APARTMENT,FALSE
2017,ROBBERY,2/10/2018,3:50:00 PM,41.92845174,-87.69908555,OTHER,FALSE
2017,ASSAULT,2/10/2018,3:50:00 PM,41.74416743,-87.54425606,RESIDENCE,FALSE
2017,ROBBERY,2/10/2018,3:50:00 PM,41.79051708,-87.61911734,SIDEWALK,FALSE
2017,THEFT,2/10/2018,3:50:00 PM,41.79350883,-87.61919414,STREET,FALSE
2017,CRIMINAL DAMAGE,2/10/2018,3:50:00 PM,41.75574488,-87.71686718,STREET,FALSE
2017,CRIMINAL DAMAGE,2/10/2018,3:50:00 PM,41.72189586,-87.61384102,GAS STATION,FALSE
2018,ASSAULT,2/13/2018,3:58:00 PM,,,VEHICLE NON-COMMERCIAL,FALSE
2017,CRIM SEXUAL ASSAULT,2/10/2018,3:50:00 PM,41.80993288,-87.61384343,RESIDENCE,FALSE
2017,OFFENSE INVOLVING CHILDREN,2/10/2018,3:50:00 PM,41.85507573,-87.71714757,APARTMENT,FALSE
2017,THEFT,2/10/2018,3:50:00 PM,41.88870181,-87.64757061,PARKING LOT/GARAGE(NON.RESID.),FALSE
2017,BURGLARY,2/10/2018,3:50:00 PM,41.85287163,-87.69150802,RESIDENCE,FALSE
2017,BATTERY,2/10/2018,3:50:00 PM,41.8598943,-87.72376774,APARTMENT,FALSE
2017,BATTERY,2/10/2018,3:50:00 PM,41.88457371,-87.73478897,APARTMENT,FALSE
2017,CRIMINAL DAMAGE,2/10/2018,3:50:00 PM,41.89484873,-87.76570736,STREET,FALSE
2017,ROBBERY,2/10/2018,3:50:00 PM,41.75286314,-87.7173382,STREET,FALSE
2017,BATTERY,2/10/2018,3:50:00 PM,41.80029685,-87.6783787,RESIDENCE,FALSE
2017,ASSAULT,2/10/2018,3:50:00 PM,41.78046365,-87.69343316,OTHER,FALSE
2017,CRIMINAL TRESPASS,2/10/2018,3:50:00 PM,41.68478524,-87.66347623,RESTAURANT,FALSE
2017,BATTERY,2/10/2018,3:50:00 PM,41.93102883,-87.78378017,STREET,FALSE
2017,CRIMINAL DAMAGE,2/10/2018,3:50:00 PM,41.93102862,-87.78373607,STREET,FALSE
2017,ROBBERY,2/10/2018,3:50:00 PM,41.78630923,-87.66315381,SIDEWALK,FALSE
2017,BATTERY,2/10/2018,3:50:00 PM,41.79560024,-87.62411072,RESTAURANT,FALSE
2017,BATTERY,2/10/2018,3:50:00 PM,41.99732657,-87.7641354,STREET,FALSE
2017,ASSAULT,2/10/2018,3:50:00 PM,41.86895818,-87.6579626,APARTMENT,FALSE
2017,THEFT,2/10/2018,3:50:00 PM,41.92050621,-87.66551402,STREET,FALSE
2017,ROBBERY,2/10/2018,3:50:00 PM,41.96167486,-87.70337053,SIDEWALK,FALSE
2017,BATTERY,2/10/2018,3:50:00 PM,41.75214493,-87.717488,STREET,FALSE
2017,ASSAULT,2/10/2018,3:50:00 PM,41.79408428,-87.714604,STREET,FALSE
2017,ROBBERY,2/10/2018,3:50:00 PM,41.73614018,-87.62911796,PARKING LOT/GARAGE(NON.RESID.),FALSE
2017,CRIMINAL TRESPASS,2/10/2018,3:50:00 PM,41.92671468,-87.64478241,HOTEL/MOTEL,FALSE
2017,BATTERY,2/10/2018,3:50:00 PM,41.87243041,-87.71561506,APARTMENT,FALSE
2017,BATTERY,2/10/2018,3:50:00 PM,41.73506621,-87.55414617,APARTMENT,FALSE
2017,ASSAULT,2/10/2018,3:50:00 PM,41.75598487,-87.65197593,APARTMENT,FALSE
2017,CRIMINAL DAMAGE,2/10/2018,3:50:00 PM,41.95978944,-87.7721097,RESIDENCE-GARAGE,FALSE
2017,ASSAULT,2/10/2018,3:50:00 PM,41.96716226,-87.76745966,APARTMENT,FALSE
2017,THEFT,2/10/2018,3:50:00 PM,41.88528085,-87.68654552,GAS STATION,FALSE
2017,BURGLARY,2/10/2018,3:50:00 PM,41.80515278,-87.62272898,OTHER,FALSE
2017,ASSAULT,2/10/2018,3:50:00 PM,41.76605011,-87.57893184,SIDEWALK,FALSE
2017,BATTERY,2/10/2018,3:50:00 PM,41.79162671,-87.64994844,APARTMENT,FALSE
2017,BATTERY,2/10/2018,3:50:00 PM,41.9922938,-87.68110416,APARTMENT,FALSE
2017,THEFT,2/10/2018,3:50:00 PM,41.72166994,-87.66269402,SMALL RETAIL STORE,FALSE
2017,ROBBERY,2/10/2018,3:50:00 PM,41.93682063,-87.72476314,STREET,FALSE
2017,ASSAULT,2/10/2018,3:50:00 PM,41.92826317,-87.78561194,RESTAURANT,FALSE
2017,BATTERY,2/10/2018,3:50:00 PM,41.82082114,-87.70287097,RESIDENCE,FALSE
2017,BATTERY,2/10/2018,3:50:00 PM,41.91118469,-87.69456498,STREET,FALSE
2017,BURGLARY,2/10/2018,3:50:00 PM,41.91240694,-87.68060283,TAVERN/LIQUOR STORE,FALSE
2017,BATTERY,2/10/2018,3:50:00 PM,41.76345428,-87.56530489,APARTMENT,FALSE
2017,ASSAULT,2/10/2018,3:50:00 PM,41.87525073,-87.72679796,APARTMENT,FALSE
2017,ASSAULT,2/10/2018,3:50:00 PM,41.87287507,-87.72540316,GOVERNMENT BUILDING/PROPERTY,FALSE
2017,ROBBERY,2/10/2018,3:50:00 PM,41.77152146,-87.68342984,CTA BUS STOP,FALSE
2017,MOTOR VEHICLE THEFT,2/10/2018,3:50:00 PM,41.89472314,-87.63942576,STREET,FALSE
2017,ROBBERY,2/10/2018,3:50:00 PM,41.88463996,-87.72909987,ALLEY,FALSE
2017,THEFT,2/10/2018,3:50:00 PM,41.91306583,-87.68161749,VEHICLE NON-COMMERCIAL,FALSE
2017,ROBBERY,2/10/2018,3:50:00 PM,41.92192449,-87.69141172,SIDEWALK,FALSE
2017,BURGLARY,2/10/2018,3:50:00 PM,41.69231026,-87.62104324,SMALL RETAIL STORE,FALSE
2017,BURGLARY,2/10/2018,3:50:00 PM,41.75075187,-87.56257587,APARTMENT,FALSE
2017,MOTOR VEHICLE THEFT,2/10/2018,3:50:00 PM,41.8574138,-87.70699373,STREET,FALSE
2017,DECEPTIVE PRACTICE,2/10/2018,3:50:00 PM,41.89214469,-87.61769981,RESIDENCE,FALSE
2017,ROBBERY,2/10/2018,3:50:00 PM,41.75245188,-87.59794281,STREET,FALSE
2017,BATTERY,2/10/2018,3:50:00 PM,41.78320968,-87.61569688,STREET,FALSE
2017,OTHER OFFENSE,2/10/2018,3:50:00 PM,41.96230143,-87.67899814,RESIDENCE,TRUE
2017,OTHER OFFENSE,2/10/2018,3:50:00 PM,41.79771831,-87.62092242,OTHER,FALSE
2017,BATTERY,2/10/2018,3:50:00 PM,41.89489865,-87.75973838,TAVERN/LIQUOR STORE,FALSE
2017,DECEPTIVE PRACTICE,2/10/2018,3:50:00 PM,41.9975448,-87.70046744,ATM (AUTOMATIC TELLER MACHINE),FALSE
2017,BURGLARY,2/10/2018,3:50:00 PM,41.6856116,-87.70182406,RESIDENCE,FALSE
2017,BATTERY,2/10/2018,3:50:00 PM,41.69219741,-87.65547244,RESIDENCE,FALSE
2017,CRIMINAL DAMAGE,2/10/2018,3:50:00 PM,41.88681513,-87.64184704,STREET,FALSE
2017,CRIMINAL DAMAGE,2/10/2018,3:50:00 PM,41.74931746,-87.57715988,STREET,FALSE
2017,BATTERY,2/10/2018,3:50:00 PM,41.90907278,-87.69329288,CHA APARTMENT,TRUE
2017,OFFENSE INVOLVING CHILDREN,2/10/2018,3:50:00 PM,41.87392875,-87.75623214,APARTMENT,FALSE
2017,THEFT,2/10/2018,3:50:00 PM,41.72080256,-87.64319753,LIBRARY,FALSE
2017,NARCOTICS,2/10/2018,3:50:00 PM,41.86541287,-87.7227094,SIDEWALK,TRUE
2017,ROBBERY,2/10/2018,3:50:00 PM,41.85893611,-87.71853482,STREET,TRUE
2017,THEFT,2/10/2018,3:50:00 PM,41.88065311,-87.63439665,RESTAURANT,FALSE
2017,THEFT,2/10/2018,3:50:00 PM,41.88574103,-87.63171175,CTA TRAIN,FALSE
2017,CRIMINAL DAMAGE,2/10/2018,3:50:00 PM,41.91824531,-87.64420842,RESIDENTIAL YARD (FRONT/BACK),FALSE
2017,BATTERY,2/10/2018,3:50:00 PM,41.85153578,-87.72541439,SIDEWALK,FALSE
2017,DECEPTIVE PRACTICE,2/10/2018,3:50:00 PM,41.87612122,-87.64100397,CTA STATION,FALSE
2017,THEFT,2/10/2018,3:50:00 PM,41.86352869,-87.71777862,APARTMENT,FALSE
2017,NARCOTICS,2/10/2018,3:50:00 PM,41.73512019,-87.6423738,RESIDENCE,TRUE
2017,MOTOR VEHICLE THEFT,2/10/2018,3:50:00 PM,41.86803889,-87.66642017,STREET,FALSE
2017,DECEPTIVE PRACTICE,2/10/2018,3:50:00 PM,41.90461866,-87.67385314,RESIDENCE,FALSE
2017,DECEPTIVE PRACTICE,2/10/2018,3:50:00 PM,41.93621113,-87.65796283,RESIDENCE,FALSE
2017,THEFT,2/10/2018,3:50:00 PM,41.91115121,-87.63598179,ATHLETIC CLUB,FALSE
2017,ROBBERY,2/10/2018,3:50:00 PM,41.72701197,-87.57303648,ALLEY,TRUE
2017,CRIMINAL DAMAGE,2/10/2018,3:50:00 PM,41.7627632,-87.62163177,RESIDENCE PORCH/HALLWAY,FALSE
2017,THEFT,2/10/2018,3:50:00 PM,41.89620326,-87.71755678,RESIDENCE PORCH/HALLWAY,FALSE
2017,NARCOTICS,2/10/2018,3:50:00 PM,41.82169024,-87.69083261,APARTMENT,TRUE
2017,OTHER OFFENSE,2/10/2018,3:50:00 PM,41.89909631,-87.75570072,RESIDENCE,FALSE
2017,CRIMINAL DAMAGE,2/10/2018,3:50:00 PM,41.80146082,-87.65434043,STREET,FALSE
2017,CRIMINAL TRESPASS,2/10/2018,3:50:00 PM,41.96542634,-87.65522754,RESTAURANT,FALSE
2017,BURGLARY,2/10/2018,3:50:00 PM,41.65457668,-87.5435136,RESIDENCE,FALSE
2017,DECEPTIVE PRACTICE,2/10/2018,3:50:00 PM,41.88065311,-87.63439665,RESTAURANT,FALSE
2017,THEFT,2/10/2018,3:50:00 PM,41.90884995,-87.64664598,GROCERY FOOD STORE,TRUE
2017,BATTERY,2/10/2018,3:50:00 PM,41.87513075,-87.73637151,STREET,TRUE
2017,THEFT,2/10/2018,3:50:00 PM,41.91091418,-87.64857834,OTHER,FALSE
2017,ASSAULT,2/10/2018,3:50:00 PM,41.65732147,-87.60638511,"SCHOOL, PUBLIC, BUILDING",TRUE
2017,THEFT,2/10/2018,3:50:00 PM,41.91895164,-87.67766282,RESIDENCE-GARAGE,FALSE
2017,BATTERY,2/10/2018,3:50:00 PM,41.78993119,-87.66448019,STREET,FALSE
2017,THEFT,2/10/2018,3:50:00 PM,41.79956218,-87.58758291,SMALL RETAIL STORE,TRUE
2017,THEFT,2/10/2018,3:50:00 PM,41.85384608,-87.71506347,PARKING LOT/GARAGE(NON.RESID.),FALSE
2017,ASSAULT,2/10/2018,3:50:00 PM,41.80191408,-87.59823574,RESIDENCE,FALSE
2017,BATTERY,2/10/2018,3:50:00 PM,41.74342539,-87.73498406,RESIDENCE,FALSE
2017,OTHER OFFENSE,2/10/2018,3:50:00 PM,41.87749574,-87.76051092,RESIDENCE,FALSE
2017,NARCOTICS,2/10/2018,3:50:00 PM,41.88191785,-87.73648093,RESIDENTIAL YARD (FRONT/BACK),TRUE
2017,CRIMINAL DAMAGE,2/10/2018,3:50:00 PM,41.95946513,-87.69284032,RESIDENCE,FALSE
2017,OTHER OFFENSE,2/10/2018,3:50:00 PM,41.86566315,-87.69258794,RESIDENCE,FALSE
2017,THEFT,2/10/2018,3:50:00 PM,41.87256902,-87.62595547,PARKING LOT/GARAGE(NON.RESID.),FALSE
2017,DECEPTIVE PRACTICE,2/10/2018,3:50:00 PM,41.69902045,-87.62687197,RESIDENCE,FALSE
2017,ASSAULT,2/10/2018,3:50:00 PM,41.77886851,-87.67389658,GAS STATION,FALSE
2017,ASSAULT,2/10/2018,3:50:00 PM,41.87814479,-87.63123304,RESTAURANT,FALSE
2017,THEFT,2/10/2018,3:50:00 PM,41.89789513,-87.62409661,DEPARTMENT STORE,FALSE
2017,THEFT,2/10/2018,3:50:00 PM,41.94000587,-87.64769013,PARKING LOT/GARAGE(NON.RESID.),FALSE
2017,NARCOTICS,2/10/2018,3:50:00 PM,41.86830059,-87.69905267,SIDEWALK,TRUE
2017,OTHER OFFENSE,2/10/2018,3:50:00 PM,41.72428184,-87.65789004,RESIDENCE,FALSE
2017,OFFENSE INVOLVING CHILDREN,2/10/2018,3:50:00 PM,41.73058491,-87.63981761,RESIDENCE,FALSE
2017,ASSAULT,2/10/2018,3:50:00 PM,41.74129311,-87.61303826,RESIDENCE,FALSE
2017,BURGLARY,2/10/2018,3:50:00 PM,41.66411347,-87.55805448,RESIDENCE,FALSE
2017,BATTERY,2/10/2018,3:50:00 PM,41.88058694,-87.70611017,GOVERNMENT BUILDING/PROPERTY,FALSE
2017,MOTOR VEHICLE THEFT,2/10/2018,3:50:00 PM,41.78252601,-87.66429316,SIDEWALK,FALSE
2017,BATTERY,2/10/2018,3:50:00 PM,41.72008003,-87.56686919,RESIDENCE,FALSE
2017,THEFT,2/10/2018,3:50:00 PM,41.87296355,-87.7536633,"SCHOOL, PUBLIC, BUILDING",FALSE
2017,CRIMINAL DAMAGE,2/10/2018,3:50:00 PM,41.88378473,-87.73557853,RESIDENCE,TRUE
2017,CRIMINAL DAMAGE,2/10/2018,3:50:00 PM,41.82507141,-87.60574538,RESIDENTIAL YARD (FRONT/BACK),FALSE
2017,INTERFERENCE WITH PUBLIC OFFICER,2/10/2018,3:50:00 PM,41.88630055,-87.75528349,STREET,TRUE
2017,ROBBERY,2/10/2018,3:50:00 PM,41.88000713,-87.67699987,STREET,FALSE
2017,THEFT,2/10/2018,3:50:00 PM,41.8798933,-87.62772175,DEPARTMENT STORE,FALSE
2017,CRIMINAL DAMAGE,2/10/2018,3:50:00 PM,41.96855977,-87.69536369,PARKING LOT/GARAGE(NON.RESID.),FALSE
2017,DECEPTIVE PRACTICE,2/10/2018,3:50:00 PM,41.88518173,-87.67108211,STREET,FALSE
2017,THEFT,2/10/2018,3:50:00 PM,41.93472293,-87.70871499,DRIVEWAY - RESIDENTIAL,FALSE
2017,DECEPTIVE PRACTICE,2/10/2018,3:50:00 PM,42.01849825,-87.67298323,CTA STATION,FALSE
2017,BURGLARY,2/10/2018,3:50:00 PM,42.01390341,-87.66662427,APARTMENT,FALSE
2017,OTHER OFFENSE,2/10/2018,3:50:00 PM,41.66515022,-87.63591984,RESIDENCE,FALSE
2017,BATTERY,2/10/2018,3:50:00 PM,41.94827959,-87.64951667,OTHER,TRUE
2017,THEFT,2/10/2018,3:50:00 PM,41.89002378,-87.65390649,APARTMENT,FALSE
2017,MOTOR VEHICLE THEFT,2/10/2018,3:50:00 PM,41.97185262,-87.65048914,STREET,FALSE
2017,NARCOTICS,2/10/2018,3:50:00 PM,41.90356157,-87.72754763,APARTMENT,TRUE
2017,ASSAULT,2/10/2018,3:50:00 PM,41.78995442,-87.64747635,RESIDENCE,FALSE
2017,OFFENSE INVOLVING CHILDREN,2/10/2018,3:50:00 PM,41.735005,-87.54998849,RESIDENCE,FALSE
2017,OTHER OFFENSE,2/10/2018,3:50:00 PM,41.89110213,-87.65527601,RESIDENCE,FALSE
2017,THEFT,2/10/2018,3:50:00 PM,41.83367977,-87.6126455,STREET,FALSE
2017,THEFT,2/10/2018,3:50:00 PM,41.88350019,-87.6278767,DEPARTMENT STORE,TRUE
2017,BURGLARY,2/10/2018,3:50:00 PM,41.77322946,-87.5967377,APARTMENT,FALSE
2017,THEFT,2/10/2018,3:50:00 PM,41.86854191,-87.63923536,RESTAURANT,FALSE
2017,THEFT,2/10/2018,3:50:00 PM,41.81200675,-87.6885744,RESIDENCE,FALSE
2017,OTHER OFFENSE,2/10/2018,3:50:00 PM,41.94398296,-87.77271517,RESIDENCE,FALSE
2017,CRIMINAL DAMAGE,2/10/2018,3:50:00 PM,41.78334328,-87.71412429,RESIDENCE-GARAGE,FALSE
2017,CRIMINAL DAMAGE,2/10/2018,3:50:00 PM,41.78065939,-87.71209692,RESIDENCE-GARAGE,FALSE
2017,THEFT,2/10/2018,3:50:00 PM,41.77613373,-87.76726863,STREET,FALSE
2017,MOTOR VEHICLE THEFT,2/10/2018,3:50:00 PM,41.77691899,-87.71669378,RESIDENCE,FALSE
2017,OTHER OFFENSE,2/10/2018,3:50:00 PM,41.78025931,-87.6897688,RESIDENCE,FALSE
2017,BATTERY,2/10/2018,3:50:00 PM,41.89773435,-87.7468755,APARTMENT,TRUE
2017,ASSAULT,2/10/2018,3:50:00 PM,41.75022495,-87.66465066,STREET,FALSE
2017,MOTOR VEHICLE THEFT,2/10/2018,3:50:00 PM,41.83815115,-87.63818406,STREET,FALSE
2017,THEFT,2/10/2018,3:50:00 PM,41.87924601,-87.64496175,APARTMENT,FALSE
2017,THEFT,2/10/2018,3:50:00 PM,41.98423772,-87.65520819,RESIDENCE-GARAGE,FALSE
2017,THEFT,2/10/2018,3:50:00 PM,41.95433315,-87.72923613,OTHER,FALSE
2017,THEFT,2/10/2018,3:50:00 PM,41.89011721,-87.64517191,STREET,FALSE
2017,THEFT,2/10/2018,3:50:00 PM,41.9309095,-87.79333255,CHURCH/SYNAGOGUE/PLACE OF WORSHIP,FALSE
2017,THEFT,2/10/2018,3:50:00 PM,41.90060978,-87.68696387,STREET,FALSE
2017,THEFT,2/10/2018,3:50:00 PM,41.90181081,-87.69810401,STREET,FALSE
2017,DECEPTIVE PRACTICE,2/10/2018,3:50:00 PM,41.96392281,-87.779578,,FALSE
2017,CRIMINAL TRESPASS,2/10/2018,3:50:00 PM,42.0167551,-87.66529179,ALLEY,FALSE
2017,THEFT,2/10/2018,3:50:00 PM,41.97456763,-87.66323214,RESIDENCE PORCH/HALLWAY,FALSE
2017,THEFT,2/10/2018,3:50:00 PM,42.01998844,-87.66824621,ALLEY,FALSE
2017,THEFT,2/10/2018,3:50:00 PM,41.73662906,-87.6062682,RESTAURANT,FALSE
2017,CRIMINAL DAMAGE,2/10/2018,3:50:00 PM,41.87695498,-87.73623703,STREET,FALSE
2017,OTHER OFFENSE,2/10/2018,3:50:00 PM,41.70269567,-87.62696357,RESIDENCE,FALSE
2017,THEFT,2/10/2018,3:50:00 PM,41.87294826,-87.68948605,RESIDENTIAL YARD (FRONT/BACK),FALSE
2017,BATTERY,2/10/2018,3:50:00 PM,41.87791714,-87.71579723,APARTMENT,FALSE
2017,CRIMINAL DAMAGE,2/10/2018,3:50:00 PM,41.68033269,-87.6590417,RESIDENCE-GARAGE,FALSE
2017,THEFT,2/10/2018,3:50:00 PM,41.85482707,-87.71123655,RESIDENCE,FALSE
2017,DECEPTIVE PRACTICE,2/10/2018,3:50:00 PM,41.88547851,-87.63682292,RESTAURANT,FALSE
2017,ASSAULT,2/10/2018,3:50:00 PM,41.96801033,-87.76748157,DRUG STORE,FALSE
2017,THEFT,2/10/2018,3:50:00 PM,41.97008868,-87.76269009,CTA BUS,FALSE
2017,THEFT,2/10/2018,3:50:00 PM,41.97449273,-87.77941658,RESIDENTIAL YARD (FRONT/BACK),FALSE
2017,BURGLARY,2/10/2018,3:50:00 PM,41.7825219,-87.70890007,RESIDENCE-GARAGE,TRUE
2017,ASSAULT,2/10/2018,3:50:00 PM,41.89789513,-87.62409661,PARKING LOT/GARAGE(NON.RESID.),FALSE
2017,OTHER OFFENSE,2/10/2018,3:50:00 PM,41.85102174,-87.61895485,OTHER,FALSE
2017,OFFENSE INVOLVING CHILDREN,2/10/2018,3:50:00 PM,41.74095705,-87.65105023,RESIDENCE,TRUE
2017,OTHER OFFENSE,2/10/2018,3:50:00 PM,41.7382338,-87.56238116,STREET,TRUE
2017,NARCOTICS,2/10/2018,3:50:00 PM,41.90951257,-87.75498228,ALLEY,TRUE
2017,MOTOR VEHICLE THEFT,2/10/2018,3:50:00 PM,41.75127576,-87.566227,GAS STATION,FALSE
2017,ROBBERY,2/10/2018,3:50:00 PM,41.85199252,-87.68888874,GROCERY FOOD STORE,FALSE
2017,THEFT,2/10/2018,3:50:00 PM,41.88172219,-87.62435627,RESTAURANT,FALSE
2017,OTHER OFFENSE,2/10/2018,3:50:00 PM,41.73726084,-87.64973003,STREET,FALSE
2017,CRIMINAL TRESPASS,2/10/2018,3:50:00 PM,41.87361099,-87.75743932,APARTMENT,FALSE
2017,THEFT,2/10/2018,3:50:00 PM,41.87666396,-87.64776174,RESTAURANT,FALSE
2017,ASSAULT,2/10/2018,3:50:00 PM,41.73642227,-87.60481597,CTA BUS,FALSE
2017,BURGLARY,2/10/2018,3:50:00 PM,41.82121883,-87.6184791,APARTMENT,FALSE
2017,BURGLARY,2/10/2018,3:50:00 PM,41.82121883,-87.6184791,APARTMENT,FALSE
2017,CRIMINAL DAMAGE,2/10/2018,3:50:00 PM,41.97522287,-87.65890783,VEHICLE NON-COMMERCIAL,FALSE
2017,BATTERY,2/10/2018,3:50:00 PM,41.83076323,-87.60794853,APARTMENT,FALSE
2017,BATTERY,2/10/2018,3:50:00 PM,41.87658717,-87.6287275,LIBRARY,TRUE
2017,BATTERY,2/10/2018,3:50:00 PM,42.01565539,-87.68942491,APARTMENT,FALSE
2017,OTHER OFFENSE,2/10/2018,3:50:00 PM,41.78976778,-87.647471,STREET,FALSE
2017,OTHER OFFENSE,2/10/2018,3:50:00 PM,41.92815864,-87.72608757,OTHER,FALSE
2017,THEFT,2/10/2018,3:50:00 PM,41.90204819,-87.77211605,COMMERCIAL / BUSINESS OFFICE,FALSE
2017,THEFT,2/10/2018,3:50:00 PM,41.92235514,-87.65835884,RESIDENCE PORCH/HALLWAY,FALSE
2017,CRIMINAL DAMAGE,2/10/2018,3:50:00 PM,41.7876514,-87.70094832,STREET,FALSE
2017,OTHER OFFENSE,2/10/2018,3:50:00 PM,41.93205287,-87.76748711,POOL ROOM,FALSE
2017,OTHER OFFENSE,2/10/2018,3:50:00 PM,41.90843054,-87.63850953,RESIDENCE,FALSE
2017,CRIMINAL TRESPASS,2/10/2018,3:50:00 PM,41.75047239,-87.63429712,RESTAURANT,TRUE
2017,WEAPONS VIOLATION,2/10/2018,3:50:00 PM,41.76802259,-87.57217487,STREET,TRUE
2017,BURGLARY,2/10/2018,3:50:00 PM,41.89792466,-87.73693797,RESIDENCE-GARAGE,FALSE
2017,MOTOR VEHICLE THEFT,2/10/2018,3:50:00 PM,41.73197004,-87.63742501,STREET,FALSE
2017,THEFT,2/10/2018,3:50:00 PM,41.90121973,-87.66315473,STREET,FALSE
2017,DECEPTIVE PRACTICE,2/10/2018,3:50:00 PM,41.9095099,-87.754997,GAS STATION,FALSE
2017,THEFT,2/10/2018,3:50:00 PM,41.87494734,-87.72547164,SMALL RETAIL STORE,TRUE
2017,OFFENSE INVOLVING CHILDREN,2/10/2018,3:50:00 PM,41.78210152,-87.586502,"SCHOOL, PUBLIC, BUILDING",FALSE
2017,CRIMINAL TRESPASS,2/10/2018,3:50:00 PM,41.692183,-87.62309502,GAS STATION,TRUE
2017,THEFT,2/10/2018,3:50:00 PM,41.80706791,-87.60384375,APARTMENT,FALSE
2017,BATTERY,2/10/2018,3:50:00 PM,41.70277382,-87.64756867,STREET,FALSE
2017,BATTERY,2/10/2018,3:50:00 PM,41.82956855,-87.62806922,APARTMENT,TRUE
2017,BURGLARY,2/10/2018,3:50:00 PM,41.77241158,-87.58779118,APARTMENT,FALSE
2017,THEFT,2/10/2018,3:50:00 PM,41.92073503,-87.66381038,STREET,FALSE
2017,THEFT,2/10/2018,3:50:00 PM,41.75332867,-87.65017526,RESIDENCE,FALSE
2017,CRIMINAL DAMAGE,2/10/2018,3:50:00 PM,41.91042381,-87.68076999,STREET,FALSE
2017,BATTERY,2/10/2018,3:50:00 PM,41.86011596,-87.73355239,STREET,FALSE
2017,CRIMINAL TRESPASS,2/10/2018,3:50:00 PM,41.77268594,-87.6057585,GAS STATION,TRUE
2017,NARCOTICS,2/10/2018,3:50:00 PM,41.79351898,-87.67702486,VEHICLE NON-COMMERCIAL,TRUE
2017,CRIMINAL TRESPASS,2/10/2018,3:50:00 PM,41.8949934,-87.622149,HOSPITAL BUILDING/GROUNDS,TRUE
2017,OTHER OFFENSE,2/10/2018,3:50:00 PM,41.92739631,-87.69384104,RESIDENCE,FALSE
2017,CRIMINAL DAMAGE,2/10/2018,3:50:00 PM,41.86331157,-87.72752389,RESIDENCE,FALSE
2017,BURGLARY,2/10/2018,3:50:00 PM,41.90381433,-87.73125543,APARTMENT,FALSE
2017,BATTERY,2/10/2018,3:50:00 PM,41.70311681,-87.61609015,APARTMENT,FALSE
2017,BURGLARY,2/10/2018,3:50:00 PM,41.68803325,-87.62393147,APARTMENT,FALSE
2017,BATTERY,2/10/2018,3:50:00 PM,41.85774817,-87.6323592,STREET,FALSE
2017,ROBBERY,2/10/2018,3:50:00 PM,41.89101315,-87.7737148,APARTMENT,FALSE
2017,BATTERY,2/10/2018,3:50:00 PM,41.90531776,-87.7301319,APARTMENT,TRUE
2017,THEFT,2/10/2018,3:50:00 PM,41.75511715,-87.66355537,PARKING LOT/GARAGE(NON.RESID.),FALSE
2017,WEAPONS VIOLATION,2/10/2018,3:50:00 PM,41.80436042,-87.58608585,STREET,TRUE
2017,CRIMINAL TRESPASS,2/10/2018,3:50:00 PM,41.75459296,-87.74152854,DEPARTMENT STORE,TRUE
2017,ROBBERY,2/10/2018,3:50:00 PM,41.71125606,-87.53527916,SMALL RETAIL STORE,FALSE
2017,DECEPTIVE PRACTICE,2/10/2018,3:50:00 PM,41.77066895,-87.61055054,OTHER,FALSE
2017,OTHER OFFENSE,2/10/2018,3:50:00 PM,41.78663421,-87.6174004,APARTMENT,FALSE
2017,OTHER OFFENSE,2/10/2018,3:50:00 PM,41.84905054,-87.71126316,OTHER,FALSE
2017,BATTERY,2/10/2018,3:50:00 PM,41.75474652,-87.55996996,RESIDENCE,FALSE
2017,NARCOTICS,2/10/2018,3:50:00 PM,41.85679041,-87.70842407,POLICE FACILITY/VEH PARKING LOT,TRUE
2017,CRIMINAL DAMAGE,2/10/2018,3:50:00 PM,41.90165058,-87.72996438,RESIDENCE-GARAGE,FALSE
2017,ROBBERY,2/10/2018,3:50:00 PM,41.88895519,-87.714905,STREET,FALSE
2017,CRIMINAL TRESPASS,2/10/2018,3:50:00 PM,41.89551339,-87.71074269,RESIDENCE PORCH/HALLWAY,FALSE
2017,BATTERY,2/10/2018,3:50:00 PM,41.89328576,-87.65653841,APARTMENT,FALSE
2017,THEFT,2/10/2018,3:50:00 PM,41.76205015,-87.68184669,RESIDENTIAL YARD (FRONT/BACK),FALSE
2017,DECEPTIVE PRACTICE,2/10/2018,3:50:00 PM,41.82965153,-87.6144519,RESIDENCE,FALSE
2017,CRIMINAL DAMAGE,2/10/2018,3:50:00 PM,41.78905784,-87.60610876,STREET,FALSE
2017,OFFENSE INVOLVING CHILDREN,2/10/2018,3:50:00 PM,41.65658079,-87.60513096,GOVERNMENT BUILDING/PROPERTY,FALSE
2017,BURGLARY,2/10/2018,3:50:00 PM,41.94478192,-87.73474076,RESIDENCE,FALSE
2017,INTERFERENCE WITH PUBLIC OFFICER,2/10/2018,3:50:00 PM,41.67783055,-87.62050376,SMALL RETAIL STORE,TRUE
2017,THEFT,2/10/2018,3:50:00 PM,41.93412814,-87.75713044,SIDEWALK,FALSE
2017,WEAPONS VIOLATION,2/10/2018,3:50:00 PM,41.75612783,-87.61507142,STREET,TRUE
2017,ROBBERY,2/10/2018,3:50:00 PM,41.72731748,-87.61761242,RESIDENCE,FALSE
2017,DECEPTIVE PRACTICE,2/10/2018,3:50:00 PM,41.90912151,-87.71266778,RESIDENCE,FALSE
2017,THEFT,2/10/2018,3:50:00 PM,41.92882233,-87.68778161,STREET,FALSE
2017,WEAPONS VIOLATION,2/10/2018,3:50:00 PM,41.95683649,-87.73406546,SIDEWALK,TRUE
2017,BATTERY,2/10/2018,3:50:00 PM,41.76502316,-87.72093141,RESIDENCE,FALSE
2017,ROBBERY,2/10/2018,3:50:00 PM,41.88096768,-87.73794027,GAS STATION,FALSE
2017,BATTERY,2/10/2018,3:50:00 PM,41.79519725,-87.58650401,APARTMENT,FALSE
2017,BATTERY,2/10/2018,3:50:00 PM,41.98280457,-87.80139044,RESIDENCE,TRUE
2017,CRIMINAL DAMAGE,2/10/2018,3:50:00 PM,41.78493115,-87.72782232,STREET,FALSE
2017,SEX OFFENSE,2/10/2018,3:50:00 PM,41.87369942,-87.70470516,GOVERNMENT BUILDING/PROPERTY,TRUE
2017,BATTERY,2/10/2018,3:50:00 PM,41.91914375,-87.71424984,RESIDENCE,FALSE
2017,CRIMINAL DAMAGE,2/10/2018,3:50:00 PM,41.77894513,-87.77031262,RESIDENCE,FALSE
2017,THEFT,2/10/2018,3:50:00 PM,41.93080957,-87.68785712,STREET,FALSE
2017,BATTERY,2/10/2018,3:50:00 PM,41.77279831,-87.6821082,STREET,TRUE
2017,WEAPONS VIOLATION,2/10/2018,3:50:00 PM,41.72214086,-87.63216467,RESIDENTIAL YARD (FRONT/BACK),TRUE
2017,CRIMINAL DAMAGE,2/10/2018,3:50:00 PM,41.82467354,-87.63132958,CHA APARTMENT,FALSE
2017,OTHER OFFENSE,2/10/2018,3:50:00 PM,41.74746907,-87.61455597,OTHER,FALSE
2017,ASSAULT,2/10/2018,3:50:00 PM,41.83889664,-87.66577972,CTA PLATFORM,FALSE
2017,CRIMINAL DAMAGE,2/10/2018,3:50:00 PM,41.88419895,-87.67916036,RESIDENCE,FALSE
2017,ROBBERY,2/10/2018,3:50:00 PM,41.84647043,-87.64801079,STREET,FALSE
2017,CRIMINAL TRESPASS,2/10/2018,3:50:00 PM,41.83786051,-87.65987497,APARTMENT,FALSE
2017,ROBBERY,2/10/2018,3:50:00 PM,41.77488465,-87.67500422,TAXICAB,FALSE
2017,BATTERY,2/10/2018,3:50:00 PM,41.77878622,-87.65691144,STREET,FALSE
2017,BATTERY,2/10/2018,3:50:00 PM,41.78873593,-87.718744,RESIDENCE,TRUE
2017,ROBBERY,2/10/2018,3:50:00 PM,41.88595073,-87.69641759,STREET,FALSE
2017,BURGLARY,2/10/2018,3:50:00 PM,41.89658851,-87.66852905,RESIDENCE,FALSE
2017,OTHER OFFENSE,2/10/2018,3:50:00 PM,41.99782252,-87.68434764,OTHER,FALSE
2017,CRIMINAL TRESPASS,2/10/2018,3:50:00 PM,41.76680404,-87.60561968,POLICE FACILITY/VEH PARKING LOT,TRUE
2017,OFFENSE INVOLVING CHILDREN,2/10/2018,3:50:00 PM,41.79217482,-87.62402013,APARTMENT,FALSE
2017,BATTERY,2/10/2018,3:50:00 PM,41.85414794,-87.72482438,APARTMENT,FALSE
2017,OTHER OFFENSE,2/10/2018,3:50:00 PM,41.91626623,-87.72163701,RESIDENCE,FALSE
2017,BATTERY,2/10/2018,3:50:00 PM,41.745394,-87.60016337,APARTMENT,TRUE
2017,BATTERY,2/10/2018,3:50:00 PM,41.75468389,-87.58448538,APARTMENT,TRUE
2017,OTHER OFFENSE,2/10/2018,3:50:00 PM,41.96587682,-87.72796147,STREET,TRUE
2017,CRIMINAL DAMAGE,2/10/2018,3:50:00 PM,41.74807813,-87.66216638,APARTMENT,FALSE
2017,BATTERY,2/10/2018,3:50:00 PM,41.74378374,-87.72173423,VEHICLE NON-COMMERCIAL,FALSE
2017,WEAPONS VIOLATION,2/10/2018,3:50:00 PM,41.75036122,-87.65373215,PARKING LOT/GARAGE(NON.RESID.),TRUE
2017,OTHER OFFENSE,2/10/2018,3:50:00 PM,41.76502316,-87.72093141,STREET,FALSE
2017,BURGLARY,2/10/2018,3:50:00 PM,41.80319167,-87.72834729,RESIDENCE-GARAGE,FALSE
2017,ROBBERY,2/10/2018,3:50:00 PM,41.90335438,-87.66686461,BAR OR TAVERN,FALSE
2017,ROBBERY,2/10/2018,3:50:00 PM,41.92602281,-87.7519081,SIDEWALK,FALSE
2017,ASSAULT,2/10/2018,3:50:00 PM,41.90618767,-87.72648318,PARKING LOT/GARAGE(NON.RESID.),FALSE
2017,BATTERY,2/10/2018,3:50:00 PM,41.77208986,-87.64028719,ABANDONED BUILDING,FALSE
2017,BURGLARY,2/10/2018,3:50:00 PM,41.94914542,-87.73953395,RESIDENCE,FALSE
2017,BATTERY,2/10/2018,3:50:00 PM,41.82965153,-87.6144519,APARTMENT,TRUE
2017,ROBBERY,2/10/2018,3:50:00 PM,41.8820251,-87.69271827,STREET,FALSE
2017,BATTERY,2/10/2018,3:50:00 PM,42.00106499,-87.66125447,CTA STATION,FALSE
2017,BATTERY,2/10/2018,3:50:00 PM,41.7936844,-87.69419646,SIDEWALK,FALSE
2017,DECEPTIVE PRACTICE,2/10/2018,3:50:00 PM,41.68776606,-87.64223638,VEHICLE NON-COMMERCIAL,FALSE
2017,CRIMINAL DAMAGE,2/10/2018,3:50:00 PM,42.0128123,-87.66444992,RESIDENCE,FALSE
2017,ASSAULT,2/10/2018,3:50:00 PM,41.90819975,-87.68055385,APARTMENT,FALSE
2017,MOTOR VEHICLE THEFT,2/10/2018,3:50:00 PM,41.79776493,-87.71470796,STREET,FALSE
2017,BATTERY,2/10/2018,3:50:00 PM,41.91072335,-87.6774715,STREET,FALSE
2017,BURGLARY,2/10/2018,3:50:00 PM,41.958899,-87.66571994,APARTMENT,FALSE
2017,CRIMINAL DAMAGE,2/10/2018,3:50:00 PM,41.93283747,-87.64302601,SMALL RETAIL STORE,FALSE
2017,OTHER OFFENSE,2/10/2018,3:50:00 PM,41.87831421,-87.71207735,STREET,FALSE
2017,ROBBERY,2/10/2018,3:50:00 PM,41.94481964,-87.78000432,RESIDENCE-GARAGE,FALSE
2017,ROBBERY,2/10/2018,3:50:00 PM,41.76587359,-87.57629471,STREET,FALSE
2017,THEFT,2/10/2018,3:50:00 PM,41.89337282,-87.62190988,HOTEL/MOTEL,FALSE
2017,BURGLARY,2/10/2018,3:50:00 PM,41.72359308,-87.6821474,COMMERCIAL / BUSINESS OFFICE,FALSE
2017,ROBBERY,2/10/2018,3:50:00 PM,41.71272093,-87.68181398,GAS STATION,FALSE
2017,CRIMINAL DAMAGE,2/10/2018,3:50:00 PM,41.6825631,-87.66032167,RESIDENCE,FALSE
2017,CRIMINAL DAMAGE,2/10/2018,3:50:00 PM,41.66330784,-87.63215921,RESIDENCE,FALSE
2017,ASSAULT,2/10/2018,3:50:00 PM,41.75145288,-87.62456758,GAS STATION,FALSE
2017,ASSAULT,2/10/2018,3:50:00 PM,41.87380752,-87.69445629,OTHER,FALSE
2017,MOTOR VEHICLE THEFT,2/10/2018,3:50:00 PM,41.88768058,-87.76511711,STREET,FALSE
2017,CRIMINAL TRESPASS,2/10/2018,3:50:00 PM,41.93089392,-87.79468876,RESIDENCE,TRUE
2017,ROBBERY,2/10/2018,3:50:00 PM,41.86677626,-87.72520027,STREET,FALSE
2017,BATTERY,2/10/2018,3:50:00 PM,41.8657513,-87.7080835,APARTMENT,TRUE
2017,ROBBERY,2/10/2018,3:50:00 PM,41.74277104,-87.62430764,STREET,FALSE
2017,MOTOR VEHICLE THEFT,2/10/2018,3:50:00 PM,41.9160176,-87.67758263,FIRE STATION,FALSE
2017,MOTOR VEHICLE THEFT,2/10/2018,3:50:00 PM,41.80511357,-87.74919905,STREET,FALSE
2017,ROBBERY,2/10/2018,3:50:00 PM,41.87465895,-87.70103132,ALLEY,FALSE
2017,OTHER OFFENSE,2/10/2018,3:50:00 PM,41.76136433,-87.6576589,RESIDENCE,FALSE
2017,ASSAULT,2/10/2018,3:50:00 PM,41.93856875,-87.76715018,DEPARTMENT STORE,TRUE
2017,BURGLARY,2/10/2018,3:50:00 PM,41.99355531,-87.66615982,RESIDENCE,FALSE
2017,CRIMINAL TRESPASS,2/10/2018,3:50:00 PM,41.87082496,-87.69601703,APARTMENT,TRUE
2017,BURGLARY,2/10/2018,3:50:00 PM,41.77614167,-87.59853379,APARTMENT,FALSE
2017,CRIMINAL DAMAGE,2/10/2018,3:50:00 PM,41.88241223,-87.72816975,APARTMENT,FALSE
2017,BATTERY,2/10/2018,3:50:00 PM,41.91044523,-87.7324606,APARTMENT,TRUE
2017,THEFT,2/10/2018,3:50:00 PM,41.81816284,-87.61382468,VEHICLE NON-COMMERCIAL,FALSE
2017,OTHER OFFENSE,2/10/2018,3:50:00 PM,41.86281613,-87.71846828,RESIDENCE,FALSE
2017,ROBBERY,2/10/2018,3:50:00 PM,41.7950152,-87.70360435,RESTAURANT,FALSE
2017,CRIMINAL DAMAGE,2/10/2018,3:50:00 PM,41.72158338,-87.63435391,STREET,FALSE
2017,BATTERY,2/10/2018,3:50:00 PM,41.73148509,-87.65685838,RESIDENCE,FALSE
2017,MOTOR VEHICLE THEFT,2/10/2018,3:50:00 PM,41.84183907,-87.72570069,STREET,FALSE
2017,BATTERY,2/10/2018,3:50:00 PM,41.6871822,-87.68960992,RESIDENCE,FALSE
2017,CRIMINAL DAMAGE,2/10/2018,3:50:00 PM,41.94980045,-87.79737125,RESIDENCE-GARAGE,FALSE
2017,THEFT,2/10/2018,3:50:00 PM,41.99488651,-87.67189569,STREET,FALSE
2017,CRIMINAL DAMAGE,2/10/2018,3:50:00 PM,41.93205287,-87.76748711,STREET,FALSE
2017,BATTERY,2/10/2018,3:50:00 PM,41.8600131,-87.72133645,RESIDENCE,TRUE
2017,BATTERY,2/10/2018,3:50:00 PM,41.86388169,-87.71656742,APARTMENT,FALSE
2017,ROBBERY,2/10/2018,3:50:00 PM,41.71922219,-87.63102793,SIDEWALK,FALSE
2017,BATTERY,2/10/2018,3:50:00 PM,41.85759566,-87.64342833,VEHICLE NON-COMMERCIAL,FALSE
2017,BATTERY,2/10/2018,3:50:00 PM,41.91742238,-87.70451874,OTHER,TRUE
2017,MOTOR VEHICLE THEFT,2/10/2018,3:50:00 PM,41.91184814,-87.71398235,VEHICLE NON-COMMERCIAL,FALSE
2017,ROBBERY,2/10/2018,3:50:00 PM,41.91156776,-87.68603405,ALLEY,FALSE
2017,BATTERY,2/10/2018,3:50:00 PM,41.9049277,-87.7233065,SIDEWALK,FALSE
2017,THEFT,2/10/2018,3:50:00 PM,41.81128554,-87.69062847,APARTMENT,FALSE
2017,THEFT,2/10/2018,3:50:00 PM,42.00028952,-87.68143824,PARKING LOT/GARAGE(NON.RESID.),FALSE
2017,THEFT,2/10/2018,3:50:00 PM,41.77516966,-87.66166037,STREET,FALSE
2017,THEFT,2/10/2018,3:50:00 PM,41.68989701,-87.61955777,RESIDENCE,FALSE
2017,OTHER OFFENSE,2/10/2018,3:50:00 PM,41.68531233,-87.62372339,STREET,TRUE
2017,BATTERY,2/10/2018,3:50:00 PM,41.76744101,-87.5751106,APARTMENT,FALSE
2017,CRIMINAL DAMAGE,2/10/2018,3:50:00 PM,41.76359915,-87.56768569,STREET,FALSE
2017,OTHER OFFENSE,2/10/2018,3:50:00 PM,41.88541326,-87.70495758,RESIDENCE,FALSE
2017,BATTERY,2/10/2018,3:50:00 PM,41.76829052,-87.68618607,APARTMENT,FALSE
2017,CRIMINAL DAMAGE,2/10/2018,3:50:00 PM,41.8716487,-87.72390942,RESIDENCE,FALSE
2017,THEFT,2/10/2018,3:50:00 PM,42.00358158,-87.66081592,RESIDENCE PORCH/HALLWAY,FALSE
2017,DECEPTIVE PRACTICE,2/10/2018,3:50:00 PM,42.00358158,-87.66081592,RESIDENCE PORCH/HALLWAY,FALSE
2017,DECEPTIVE PRACTICE,2/10/2018,3:50:00 PM,41.91359243,-87.64351633,BANK,FALSE
2017,ASSAULT,2/10/2018,3:50:00 PM,41.65914531,-87.60620358,RESIDENCE,FALSE
2017,BATTERY,2/10/2018,3:50:00 PM,41.71902307,-87.62052856,"SCHOOL, PUBLIC, BUILDING",FALSE
2017,BATTERY,2/10/2018,3:50:00 PM,41.90437011,-87.63146007,CTA TRAIN,FALSE
2017,MOTOR VEHICLE THEFT,2/10/2018,3:50:00 PM,41.72053495,-87.53770646,STREET,FALSE
2017,ROBBERY,2/10/2018,3:50:00 PM,41.90980431,-87.65160639,DEPARTMENT STORE,TRUE
2017,THEFT,2/10/2018,3:50:00 PM,41.69501839,-87.61830749,RESIDENCE,FALSE
2017,CRIMINAL DAMAGE,2/10/2018,3:50:00 PM,41.74399797,-87.60330858,APARTMENT,FALSE
2017,BURGLARY,2/10/2018,3:50:00 PM,41.90112174,-87.69508772,RESIDENCE,FALSE
2017,NARCOTICS,2/10/2018,3:50:00 PM,41.80859969,-87.66527639,PARKING LOT/GARAGE(NON.RESID.),TRUE
2017,CRIMINAL DAMAGE,2/10/2018,3:50:00 PM,41.78840914,-87.64743415,RESIDENCE-GARAGE,FALSE
2017,OTHER OFFENSE,2/10/2018,3:50:00 PM,41.97660033,-87.9015144,AIRPORT TERMINAL UPPER LEVEL - SECURE AREA,FALSE
2017,ROBBERY,2/10/2018,3:50:00 PM,41.87943833,-87.74523983,GAS STATION,FALSE
2017,THEFT,2/10/2018,3:50:00 PM,41.70623989,-87.62450041,STREET,FALSE
2017,THEFT,2/10/2018,3:50:00 PM,41.96036017,-87.65053465,APARTMENT,FALSE
2017,BATTERY,2/10/2018,3:50:00 PM,41.73590347,-87.65546738,CTA BUS,FALSE
2017,BATTERY,2/10/2018,3:50:00 PM,41.88244622,-87.6278479,SMALL RETAIL STORE,FALSE
2017,DECEPTIVE PRACTICE,2/10/2018,3:50:00 PM,41.89345494,-87.6170204,APARTMENT,FALSE
2017,NARCOTICS,2/10/2018,3:50:00 PM,41.86914542,-87.74485689,SIDEWALK,TRUE
2017,MOTOR VEHICLE THEFT,2/10/2018,3:50:00 PM,41.98487061,-87.71022595,STREET,FALSE
2017,THEFT,2/10/2018,3:50:00 PM,41.91111665,-87.63842896,PARKING LOT/GARAGE(NON.RESID.),FALSE
2017,BATTERY,2/10/2018,3:50:00 PM,41.83660077,-87.61677038,RESIDENCE,FALSE
2017,CRIMINAL DAMAGE,2/10/2018,3:50:00 PM,41.82144303,-87.62855828,RESIDENCE,FALSE
2017,BATTERY,2/10/2018,3:50:00 PM,41.96466792,-87.72147575,RESIDENCE,TRUE
2017,BATTERY,2/10/2018,3:50:00 PM,41.86533363,-87.73371289,APARTMENT,FALSE
2017,OTHER OFFENSE,2/10/2018,3:50:00 PM,41.85056763,-87.7323019,VEHICLE NON-COMMERCIAL,TRUE
2017,THEFT,2/10/2018,3:50:00 PM,41.80591414,-87.60495719,RESIDENCE,FALSE
2017,BURGLARY,2/10/2018,3:50:00 PM,41.77633189,-87.60340394,APARTMENT,FALSE
2017,ASSAULT,2/10/2018,3:50:00 PM,41.82155318,-87.60356929,APARTMENT,FALSE
2017,CRIMINAL DAMAGE,2/10/2018,3:50:00 PM,41.7628797,-87.58469066,STREET,FALSE
2017,THEFT,2/10/2018,3:50:00 PM,41.87708052,-87.72616011,RESTAURANT,FALSE
2017,OTHER OFFENSE,2/10/2018,3:50:00 PM,41.91921768,-87.77921511,APARTMENT,FALSE
2017,DECEPTIVE PRACTICE,2/10/2018,3:50:00 PM,41.87708052,-87.72616011,RESTAURANT,FALSE
2017,BATTERY,2/10/2018,3:50:00 PM,41.74587198,-87.56249866,APARTMENT,FALSE
2017,DECEPTIVE PRACTICE,2/10/2018,3:50:00 PM,41.85486,-87.71123623,TAXICAB,FALSE
2017,BATTERY,2/10/2018,3:50:00 PM,41.87660796,-87.62764406,LIBRARY,TRUE
2017,THEFT,2/10/2018,3:50:00 PM,41.76599713,-87.66382344,GROCERY FOOD STORE,FALSE
2017,THEFT,2/10/2018,3:50:00 PM,41.91002451,-87.78666062,RESIDENCE,FALSE
2017,CRIMINAL DAMAGE,2/10/2018,3:50:00 PM,41.89571149,-87.68992595,RESIDENCE,FALSE
2017,OTHER OFFENSE,2/10/2018,3:50:00 PM,41.74764521,-87.55888621,RESIDENCE,FALSE
2017,BATTERY,2/10/2018,3:50:00 PM,41.70908129,-87.56694126,RESIDENTIAL YARD (FRONT/BACK),FALSE
2017,ROBBERY,2/10/2018,3:50:00 PM,41.75127576,-87.566227,RESTAURANT,FALSE
2017,CRIMINAL TRESPASS,2/10/2018,3:50:00 PM,41.87822214,-87.62728848,OTHER,TRUE
2017,NARCOTICS,2/10/2018,3:50:00 PM,41.87263412,-87.71675499,SIDEWALK,TRUE
2017,BATTERY,2/10/2018,3:50:00 PM,41.74749012,-87.57347284,SIDEWALK,FALSE
2017,ASSAULT,2/10/2018,3:50:00 PM,41.92093669,-87.68751938,GROCERY FOOD STORE,TRUE
2017,ASSAULT,2/10/2018,3:50:00 PM,41.9097978,-87.73302509,SIDEWALK,FALSE
2017,ROBBERY,2/10/2018,3:50:00 PM,41.91880609,-87.74235058,ALLEY,FALSE
2017,ASSAULT,2/10/2018,3:50:00 PM,41.93765593,-87.73699427,RESIDENCE,FALSE
2017,THEFT,2/10/2018,3:50:00 PM,41.86121716,-87.62568781,STREET,FALSE
2017,BATTERY,2/10/2018,3:50:00 PM,41.72599933,-87.55015651,STREET,FALSE
2017,CRIMINAL DAMAGE,2/10/2018,3:50:00 PM,41.89438051,-87.7052884,STREET,FALSE
2017,THEFT,2/10/2018,3:50:00 PM,41.91576222,-87.65627527,SMALL RETAIL STORE,FALSE
2017,CRIMINAL DAMAGE,2/10/2018,3:50:00 PM,41.90054679,-87.63181049,SMALL RETAIL STORE,FALSE
2017,BATTERY,2/10/2018,3:50:00 PM,41.90754244,-87.64597669,"SCHOOL, PUBLIC, BUILDING",FALSE
2017,NARCOTICS,2/10/2018,3:50:00 PM,41.8721773,-87.7180518,SIDEWALK,TRUE
2017,WEAPONS VIOLATION,2/10/2018,3:50:00 PM,41.89427269,-87.71627879,APARTMENT,TRUE
2017,BATTERY,2/10/2018,3:50:00 PM,41.76991469,-87.66031486,RESIDENCE,FALSE
2017,THEFT,2/10/2018,3:50:00 PM,41.73129444,-87.65199512,APARTMENT,FALSE
2017,DECEPTIVE PRACTICE,2/10/2018,3:50:00 PM,41.93991842,-87.65328888,ATM (AUTOMATIC TELLER MACHINE),FALSE
2017,CRIMINAL DAMAGE,2/10/2018,3:50:00 PM,41.87468374,-87.68968526,STREET,FALSE
2017,THEFT,2/10/2018,3:50:00 PM,41.90987822,-87.72691847,CTA BUS,FALSE
2017,BATTERY,2/10/2018,3:50:00 PM,41.80968751,-87.67497079,PARKING LOT/GARAGE(NON.RESID.),TRUE
2017,OTHER OFFENSE,2/10/2018,3:50:00 PM,41.70131507,-87.62693107,OTHER,FALSE
2017,THEFT,2/10/2018,3:50:00 PM,41.83748732,-87.62342457,STREET,FALSE
2017,MOTOR VEHICLE THEFT,2/10/2018,3:50:00 PM,41.74797568,-87.64760453,RESIDENCE,FALSE
2017,BATTERY,2/10/2018,3:50:00 PM,41.75416869,-87.60163576,"SCHOOL, PUBLIC, BUILDING",TRUE
2017,THEFT,2/10/2018,3:50:00 PM,41.75611589,-87.60532629,HOTEL/MOTEL,FALSE
2017,CRIMINAL DAMAGE,2/10/2018,3:50:00 PM,41.74768676,-87.66943357,"SCHOOL, PRIVATE, GROUNDS",FALSE
2017,NARCOTICS,2/10/2018,3:50:00 PM,41.86289775,-87.71120237,RESIDENCE PORCH/HALLWAY,TRUE
2017,MOTOR VEHICLE THEFT,2/10/2018,3:50:00 PM,41.8899925,-87.76205198,STREET,FALSE
2017,ASSAULT,2/10/2018,3:50:00 PM,41.89262841,-87.63115524,OTHER,FALSE
2017,ASSAULT,2/10/2018,3:50:00 PM,41.76569805,-87.72243887,MEDICAL/DENTAL OFFICE,FALSE
2017,MOTOR VEHICLE THEFT,2/10/2018,3:50:00 PM,41.7486871,-87.71544322,STREET,FALSE
2017,THEFT,2/10/2018,3:50:00 PM,41.80462016,-87.68436817,STREET,FALSE
2017,BATTERY,2/10/2018,3:50:00 PM,41.91367668,-87.76565079,COMMERCIAL / BUSINESS OFFICE,FALSE
2017,CRIMINAL DAMAGE,2/10/2018,3:50:00 PM,41.77718477,-87.65200821,STREET,FALSE
2017,BATTERY,2/10/2018,3:50:00 PM,41.90460885,-87.75830697,SIDEWALK,FALSE
2017,ASSAULT,2/10/2018,3:50:00 PM,41.88536947,-87.63243193,COMMERCIAL / BUSINESS OFFICE,TRUE
2017,BATTERY,2/10/2018,3:50:00 PM,41.75469107,-87.55703869,"SCHOOL, PUBLIC, BUILDING",FALSE
2017,THEFT,2/10/2018,3:50:00 PM,41.97709468,-87.6598884,CONVENIENCE STORE,FALSE
2017,BATTERY,2/10/2018,3:50:00 PM,41.76687778,-87.71877671,"SCHOOL, PUBLIC, BUILDING",FALSE
2017,CRIMINAL DAMAGE,2/10/2018,3:50:00 PM,41.75412154,-87.70746025,"SCHOOL, PUBLIC, BUILDING",FALSE
2017,PUBLIC PEACE VIOLATION,2/10/2018,3:50:00 PM,41.96900258,-87.92890944,AIRCRAFT,FALSE
2017,THEFT,2/10/2018,3:50:00 PM,41.76145023,-87.62321137,OTHER,FALSE
2017,OTHER OFFENSE,2/10/2018,3:50:00 PM,41.67793872,-87.63049226,STREET,TRUE
2017,BURGLARY,2/10/2018,3:50:00 PM,41.94955114,-87.6822569,RESIDENCE,FALSE
2017,THEFT,2/10/2018,3:50:00 PM,41.91244802,-87.6531654,PARKING LOT/GARAGE(NON.RESID.),FALSE
2017,OFFENSE INVOLVING CHILDREN,2/10/2018,3:50:00 PM,41.72725096,-87.57182841,RESIDENCE,FALSE
2017,THEFT,2/10/2018,3:50:00 PM,41.96188768,-87.92296493,AIRPORT BUILDING NON-TERMINAL - NON-SECURE AREA,TRUE
2017,ASSAULT,2/10/2018,3:50:00 PM,41.97629041,-87.90522722,PARKING LOT/GARAGE(NON.RESID.),FALSE
2017,OTHER OFFENSE,2/10/2018,3:50:00 PM,41.80010388,-87.70374525,OTHER,FALSE
2017,THEFT,2/10/2018,3:50:00 PM,41.92532964,-87.6564534,GAS STATION,FALSE
2017,THEFT,2/10/2018,3:50:00 PM,41.8790794,-87.62434142,STREET,FALSE
2017,THEFT,2/10/2018,3:50:00 PM,41.78192862,-87.78630909,STREET,FALSE
2017,WEAPONS VIOLATION,2/10/2018,3:50:00 PM,41.86618454,-87.72436148,STREET,TRUE
2017,CRIMINAL DAMAGE,2/10/2018,3:50:00 PM,41.85783636,-87.7331956,PARKING LOT/GARAGE(NON.RESID.),FALSE
2017,OTHER OFFENSE,2/10/2018,3:50:00 PM,41.75047566,-87.60521778,VEHICLE NON-COMMERCIAL,TRUE
2017,THEFT,2/10/2018,3:50:00 PM,41.90803918,-87.63461599,STREET,FALSE
2017,OTHER OFFENSE,2/10/2018,3:50:00 PM,41.70269567,-87.62696357,APARTMENT,FALSE
2017,ROBBERY,2/10/2018,3:50:00 PM,41.89761767,-87.75199319,VEHICLE NON-COMMERCIAL,FALSE
2017,BATTERY,2/10/2018,3:50:00 PM,41.89402396,-87.74953556,RESIDENCE,FALSE
2017,BURGLARY,2/10/2018,3:50:00 PM,41.75013154,-87.54998051,RESIDENCE,FALSE
2017,OTHER OFFENSE,2/10/2018,3:50:00 PM,41.88273663,-87.63090368,OTHER,TRUE
2017,THEFT,2/10/2018,3:50:00 PM,41.86688367,-87.77049258,APARTMENT,FALSE
2017,CRIMINAL DAMAGE,2/10/2018,3:50:00 PM,41.8940466,-87.7464391,APARTMENT,FALSE
2017,THEFT,2/10/2018,3:50:00 PM,41.86812032,-87.63262406,DEPARTMENT STORE,FALSE
2017,BATTERY,2/10/2018,3:50:00 PM,41.87436357,-87.7548403,SIDEWALK,FALSE
2017,THEFT,2/10/2018,3:50:00 PM,41.86812032,-87.63262406,DEPARTMENT STORE,FALSE
2017,DECEPTIVE PRACTICE,2/10/2018,3:50:00 PM,41.93388109,-87.703306,RESIDENCE,FALSE
2017,CRIMINAL TRESPASS,2/10/2018,3:50:00 PM,41.75033427,-87.66504531,APARTMENT,TRUE
2017,THEFT,2/10/2018,3:50:00 PM,41.88693289,-87.64867658,STREET,FALSE
2017,NARCOTICS,2/10/2018,3:50:00 PM,41.74248139,-87.64987619,RESIDENCE,TRUE
2017,THEFT,2/10/2018,3:50:00 PM,41.88350019,-87.6278767,DEPARTMENT STORE,TRUE
2017,BATTERY,2/10/2018,3:50:00 PM,41.74350386,-87.60501807,PARKING LOT/GARAGE(NON.RESID.),TRUE
2017,THEFT,2/10/2018,3:50:00 PM,41.93357111,-87.79678313,STREET,FALSE
2017,BURGLARY,2/10/2018,3:50:00 PM,41.93871345,-87.80798327,RESIDENCE-GARAGE,FALSE
2017,ROBBERY,2/10/2018,3:50:00 PM,41.80341202,-87.60376418,RESIDENCE,TRUE
2017,CRIMINAL DAMAGE,2/10/2018,3:50:00 PM,41.90385821,-87.66384346,"SCHOOL, PRIVATE, BUILDING",FALSE
2017,BATTERY,2/10/2018,3:50:00 PM,41.8973438,-87.71074328,RESIDENCE,FALSE
2017,THEFT,2/10/2018,3:50:00 PM,41.8672344,-87.64130179,PARKING LOT/GARAGE(NON.RESID.),FALSE
2017,BATTERY,2/10/2018,3:50:00 PM,41.86337523,-87.65963666,"SCHOOL, PUBLIC, GROUNDS",FALSE
2017,ROBBERY,2/10/2018,3:50:00 PM,41.90351448,-87.66749844,CTA TRAIN,FALSE
2017,BATTERY,2/10/2018,3:50:00 PM,41.98077786,-87.66702144,RESIDENCE PORCH/HALLWAY,TRUE
2017,THEFT,2/10/2018,3:50:00 PM,41.92408721,-87.75771687,TAVERN/LIQUOR STORE,FALSE
2017,THEFT,2/10/2018,3:50:00 PM,41.95460708,-87.64710719,PARKING LOT/GARAGE(NON.RESID.),FALSE
2017,PUBLIC PEACE VIOLATION,2/10/2018,3:50:00 PM,41.75358568,-87.56323829,RESIDENCE,TRUE
2017,BATTERY,2/10/2018,3:50:00 PM,41.91303913,-87.76491796,APARTMENT,TRUE
2017,NARCOTICS,2/10/2018,3:50:00 PM,41.86766295,-87.69837977,RESIDENCE PORCH/HALLWAY,TRUE
2017,WEAPONS VIOLATION,2/10/2018,3:50:00 PM,41.89484873,-87.76570736,STREET,TRUE
2017,BATTERY,2/10/2018,3:50:00 PM,41.72502674,-87.64330985,STREET,FALSE
2017,ASSAULT,2/10/2018,3:50:00 PM,41.90857237,-87.72647529,RESIDENCE,FALSE
2017,DECEPTIVE PRACTICE,2/10/2018,3:50:00 PM,41.93419264,-87.75250279,RESIDENCE,FALSE
2017,CRIMINAL TRESPASS,2/10/2018,3:50:00 PM,41.87436328,-87.64301304,OTHER COMMERCIAL TRANSPORTATION,TRUE
2017,WEAPONS VIOLATION,2/10/2018,3:50:00 PM,41.89291514,-87.72518378,RESIDENCE,TRUE
2017,CRIMINAL DAMAGE,2/10/2018,3:50:00 PM,41.72452719,-87.64329688,SMALL RETAIL STORE,FALSE
2017,THEFT,2/10/2018,3:50:00 PM,41.70713963,-87.62532552,PARKING LOT/GARAGE(NON.RESID.),FALSE
2017,THEFT,2/10/2018,3:50:00 PM,41.8695273,-87.63926876,DEPARTMENT STORE,TRUE
2017,CRIMINAL DAMAGE,2/10/2018,3:50:00 PM,41.65485167,-87.60510287,CHA PARKING LOT/GROUNDS,FALSE
2017,NARCOTICS,2/10/2018,3:50:00 PM,41.96017419,-87.74750191,SIDEWALK,TRUE
2017,THEFT,2/10/2018,3:50:00 PM,41.88200224,-87.66228698,CONSTRUCTION SITE,FALSE
2017,BURGLARY,2/10/2018,3:50:00 PM,41.94269271,-87.65049529,APARTMENT,FALSE
2017,THEFT,2/10/2018,3:50:00 PM,41.90985258,-87.72882174,COIN OPERATED MACHINE,FALSE
2017,BATTERY,2/10/2018,3:50:00 PM,41.7725831,-87.63789535,APARTMENT,FALSE
2017,THEFT,2/10/2018,3:50:00 PM,41.85204993,-87.68397705,ALLEY,FALSE
2017,MOTOR VEHICLE THEFT,2/10/2018,3:50:00 PM,41.96058494,-87.75873051,DRIVEWAY - RESIDENTIAL,FALSE
2017,OTHER OFFENSE,2/10/2018,3:50:00 PM,41.7530948,-87.65703099,APARTMENT,FALSE
2017,CRIMINAL DAMAGE,2/10/2018,3:50:00 PM,41.76367125,-87.58361115,STREET,FALSE
2017,BATTERY,2/10/2018,3:50:00 PM,41.76363874,-87.56539432,RESIDENCE,FALSE
2017,THEFT,2/10/2018,3:50:00 PM,41.79519055,-87.58800765,DRUG STORE,TRUE
2017,BATTERY,2/10/2018,3:50:00 PM,41.92607863,-87.66674206,RESIDENCE,FALSE
2017,DECEPTIVE PRACTICE,2/10/2018,3:50:00 PM,41.95218718,-87.68935092,RESIDENCE,FALSE
2017,THEFT,2/10/2018,3:50:00 PM,41.76468239,-87.66378579,GAS STATION,FALSE
2017,ASSAULT,2/10/2018,3:50:00 PM,41.98101575,-87.8421233,OTHER,FALSE
2017,OTHER OFFENSE,2/10/2018,3:50:00 PM,41.72860677,-87.65600569,RESIDENCE,FALSE
2017,CRIMINAL DAMAGE,2/10/2018,3:50:00 PM,41.73916424,-87.7215802,PARKING LOT/GARAGE(NON.RESID.),FALSE
2017,CRIMINAL DAMAGE,2/10/2018,3:50:00 PM,42.01824468,-87.69018631,OTHER,FALSE
2017,OTHER OFFENSE,2/10/2018,3:50:00 PM,41.72767261,-87.65675184,RESIDENCE,FALSE
2017,NARCOTICS,2/10/2018,3:50:00 PM,41.87344873,-87.69854281,STREET,TRUE
2017,NARCOTICS,2/10/2018,3:50:00 PM,41.69636714,-87.61411464,STREET,TRUE
2017,DECEPTIVE PRACTICE,2/10/2018,3:50:00 PM,41.89601133,-87.63418514,RESTAURANT,FALSE
2017,NARCOTICS,2/10/2018,3:50:00 PM,41.87466395,-87.7352633,PARKING LOT/GARAGE(NON.RESID.),TRUE
2017,OTHER OFFENSE,2/10/2018,3:50:00 PM,41.88269184,-87.77187418,STREET,FALSE
2017,BATTERY,2/10/2018,3:50:00 PM,41.76648917,-87.63718039,STREET,FALSE
2017,CRIMINAL DAMAGE,2/10/2018,3:50:00 PM,41.77119618,-87.57276788,APARTMENT,FALSE
2017,THEFT,2/10/2018,3:50:00 PM,41.76157202,-87.64365519,STREET,FALSE
2017,DECEPTIVE PRACTICE,2/10/2018,3:50:00 PM,41.89364666,-87.63117714,SMALL RETAIL STORE,FALSE
2017,CRIMINAL DAMAGE,2/10/2018,3:50:00 PM,41.75904568,-87.6280246,STREET,FALSE
2017,ASSAULT,2/10/2018,3:50:00 PM,41.76136433,-87.6576589,SIDEWALK,FALSE
2017,BATTERY,2/10/2018,3:50:00 PM,41.780722,-87.64967193,APARTMENT,FALSE
2017,CRIMINAL DAMAGE,2/10/2018,3:50:00 PM,41.76493215,-87.57627278,STREET,FALSE
2017,THEFT,2/10/2018,3:50:00 PM,42.00191002,-87.66075626,SMALL RETAIL STORE,FALSE
2017,NARCOTICS,2/10/2018,3:50:00 PM,41.91748385,-87.69773917,STREET,TRUE
2017,MOTOR VEHICLE THEFT,2/10/2018,3:50:00 PM,41.92487104,-87.74185733,RESIDENCE,FALSE
2017,BATTERY,2/10/2018,3:50:00 PM,41.89036711,-87.62667363,RESIDENCE,FALSE
2017,THEFT,2/10/2018,3:50:00 PM,41.83720649,-87.64950777,STREET,FALSE
2017,BATTERY,2/10/2018,3:50:00 PM,41.93475267,-87.72706144,VEHICLE NON-COMMERCIAL,FALSE
2017,THEFT,2/10/2018,3:50:00 PM,41.94516653,-87.75517109,RESIDENCE,FALSE
2017,THEFT,2/10/2018,3:50:00 PM,41.95115814,-87.70671648,RESIDENCE,FALSE
2017,THEFT,2/10/2018,3:50:00 PM,41.79479849,-87.67762423,RESIDENCE PORCH/HALLWAY,FALSE
2017,BATTERY,2/10/2018,3:50:00 PM,41.72185984,-87.61598065,SIDEWALK,TRUE
2017,OTHER OFFENSE,2/10/2018,3:50:00 PM,41.69002045,-87.61207646,STREET,TRUE
2017,BATTERY,2/10/2018,3:50:00 PM,41.70746202,-87.60532979,"SCHOOL, PUBLIC, GROUNDS",FALSE
2017,THEFT,2/10/2018,3:50:00 PM,41.6687502,-87.63853819,STREET,FALSE
2017,THEFT,2/10/2018,3:50:00 PM,41.93567985,-87.65396238,RESIDENCE PORCH/HALLWAY,FALSE
2017,THEFT,2/10/2018,3:50:00 PM,41.91076487,-87.65812092,SMALL RETAIL STORE,TRUE
2017,BURGLARY,2/10/2018,3:50:00 PM,41.93430458,-87.64148498,APARTMENT,FALSE
2017,BATTERY,2/10/2018,3:50:00 PM,41.75163644,-87.64162866,"SCHOOL, PUBLIC, BUILDING",TRUE
2017,ASSAULT,2/10/2018,3:50:00 PM,41.78584811,-87.60758238,APARTMENT,TRUE
2017,ASSAULT,2/10/2018,3:50:00 PM,41.77089573,-87.58258124,RESIDENCE,FALSE
2017,THEFT,2/10/2018,3:50:00 PM,41.91857831,-87.63618385,PARKING LOT/GARAGE(NON.RESID.),FALSE
2017,THEFT,2/10/2018,3:50:00 PM,41.91752038,-87.6934473,RESIDENCE PORCH/HALLWAY,FALSE
2017,OTHER OFFENSE,2/10/2018,3:50:00 PM,41.67158969,-87.63929826,RESIDENCE,FALSE
2017,BURGLARY,2/10/2018,3:50:00 PM,41.99272162,-87.71527729,RESIDENCE,FALSE
2017,CRIMINAL DAMAGE,2/10/2018,3:50:00 PM,41.97432697,-87.65635774,OTHER,TRUE
2017,SEX OFFENSE,2/10/2018,3:50:00 PM,41.97920721,-87.66969685,STREET,FALSE
2017,CRIMINAL DAMAGE,2/10/2018,3:50:00 PM,41.69101402,-87.66757819,PARKING LOT/GARAGE(NON.RESID.),FALSE
2017,CRIMINAL TRESPASS,2/10/2018,3:50:00 PM,41.77924453,-87.68451042,SMALL RETAIL STORE,TRUE
2017,ROBBERY,2/10/2018,3:50:00 PM,41.85292211,-87.72966643,STREET,FALSE
2017,NARCOTICS,2/10/2018,3:50:00 PM,41.77139319,-87.67248847,STREET,TRUE
2017,BATTERY,2/10/2018,3:50:00 PM,41.87380752,-87.69445629,OTHER,FALSE
2017,PUBLIC PEACE VIOLATION,2/10/2018,3:50:00 PM,41.87758587,-87.68312375,"SCHOOL, PUBLIC, BUILDING",TRUE
2017,BATTERY,2/10/2018,3:50:00 PM,41.86699915,-87.73104294,STREET,FALSE
2017,BATTERY,2/10/2018,3:50:00 PM,41.86957597,-87.71963346,APARTMENT,FALSE
2017,BATTERY,2/10/2018,3:50:00 PM,41.74738444,-87.54796179,APARTMENT,FALSE
2017,BATTERY,2/10/2018,3:50:00 PM,41.87193654,-87.69951606,RESIDENCE,FALSE
2017,BURGLARY,2/10/2018,3:50:00 PM,41.94269271,-87.65049529,APARTMENT,FALSE
2017,OTHER OFFENSE,2/10/2018,3:50:00 PM,41.88138627,-87.69875435,STREET,FALSE
2017,DECEPTIVE PRACTICE,2/10/2018,3:50:00 PM,41.85859482,-87.62721443,OTHER,FALSE
2017,OFFENSE INVOLVING CHILDREN,2/10/2018,3:50:00 PM,41.89602316,-87.7187706,APARTMENT,FALSE
2017,THEFT,2/10/2018,3:50:00 PM,41.75033427,-87.66504531,RESIDENCE PORCH/HALLWAY,FALSE
2017,DECEPTIVE PRACTICE,2/10/2018,3:50:00 PM,41.71895759,-87.62859865,OTHER,FALSE
2017,BURGLARY,2/10/2018,3:50:00 PM,41.74872302,-87.61364782,APARTMENT,FALSE
2017,THEFT,2/10/2018,3:50:00 PM,41.68094405,-87.5371181,OTHER,FALSE
2017,THEFT,2/10/2018,3:50:00 PM,41.88536947,-87.63243193,CONVENIENCE STORE,FALSE
2017,DECEPTIVE PRACTICE,2/10/2018,3:50:00 PM,41.90780437,-87.62852392,RESIDENCE,FALSE
2017,THEFT,2/10/2018,3:50:00 PM,41.89589602,-87.67791339,GROCERY FOOD STORE,TRUE
2017,DECEPTIVE PRACTICE,2/10/2018,3:50:00 PM,41.83469081,-87.61370565,APARTMENT,FALSE
2017,OTHER OFFENSE,2/10/2018,3:50:00 PM,41.78951438,-87.66689735,APARTMENT,FALSE
2017,OFFENSE INVOLVING CHILDREN,2/10/2018,3:50:00 PM,41.90672081,-87.73131996,RESIDENCE,FALSE
2017,OTHER OFFENSE,2/10/2018,3:50:00 PM,41.72987194,-87.64952628,RESIDENCE,FALSE
2017,BATTERY,2/10/2018,3:50:00 PM,41.89492548,-87.75632965,STREET,FALSE
2017,CRIMINAL DAMAGE,2/10/2018,3:50:00 PM,41.90644152,-87.75711497,APARTMENT,FALSE
2017,BURGLARY,2/10/2018,3:50:00 PM,41.81845617,-87.61553095,APARTMENT,FALSE
2017,BATTERY,2/10/2018,3:50:00 PM,41.73506684,-87.65089641,"SCHOOL, PUBLIC, BUILDING",TRUE
2017,DECEPTIVE PRACTICE,2/10/2018,3:50:00 PM,41.92046017,-87.67083136,DEPARTMENT STORE,FALSE
2017,CRIMINAL DAMAGE,2/10/2018,3:50:00 PM,41.68902826,-87.70683213,STREET,FALSE
2017,THEFT,2/10/2018,3:50:00 PM,41.95320017,-87.76532961,PARKING LOT/GARAGE(NON.RESID.),FALSE
2017,BURGLARY,2/10/2018,3:50:00 PM,41.76895106,-87.57148207,APARTMENT,FALSE
2017,MOTOR VEHICLE THEFT,2/10/2018,3:50:00 PM,41.87350897,-87.70100593,PARKING LOT/GARAGE(NON.RESID.),FALSE
2017,BURGLARY,2/10/2018,3:50:00 PM,41.77648259,-87.68478756,RESIDENCE-GARAGE,FALSE
2017,OTHER OFFENSE,2/10/2018,3:50:00 PM,41.99647061,-87.70324085,APARTMENT,FALSE
2017,ASSAULT,2/10/2018,3:50:00 PM,41.90966425,-87.74272882,PARKING LOT/GARAGE(NON.RESID.),FALSE
2017,OTHER OFFENSE,2/10/2018,3:50:00 PM,41.83898575,-87.70894962,DRIVEWAY - RESIDENTIAL,FALSE
2017,BATTERY,2/10/2018,3:50:00 PM,41.8943913,-87.71384251,APARTMENT,TRUE
2017,ASSAULT,2/10/2018,3:50:00 PM,41.84454046,-87.70297948,OTHER,FALSE
2017,THEFT,2/10/2018,3:50:00 PM,41.86104726,-87.69652529,STREET,FALSE
2017,BATTERY,2/10/2018,3:50:00 PM,41.68480988,-87.64214721,GAS STATION,TRUE
2017,BATTERY,2/10/2018,3:50:00 PM,41.75633032,-87.5527162,RESIDENCE,FALSE
2017,CRIMINAL TRESPASS,2/10/2018,3:50:00 PM,41.87390705,-87.72543009,CTA STATION,TRUE
2017,NARCOTICS,2/10/2018,3:50:00 PM,41.87418974,-87.73853926,RESIDENTIAL YARD (FRONT/BACK),TRUE
2017,BATTERY,2/10/2018,3:50:00 PM,41.81739888,-87.60063397,MEDICAL/DENTAL OFFICE,FALSE
2017,BATTERY,2/10/2018,3:50:00 PM,41.78984198,-87.64382161,RESIDENCE,FALSE
2017,WEAPONS VIOLATION,2/10/2018,3:50:00 PM,41.7678521,-87.58887403,SIDEWALK,TRUE
2017,NARCOTICS,2/10/2018,3:50:00 PM,41.87384153,-87.76349562,APARTMENT,TRUE
2017,WEAPONS VIOLATION,2/10/2018,3:50:00 PM,41.87384122,-87.76343321,APARTMENT,TRUE
2017,CRIMINAL DAMAGE,2/10/2018,3:50:00 PM,41.6899793,-87.64473896,RESIDENCE,FALSE
2017,THEFT,2/10/2018,3:50:00 PM,41.94305996,-87.65318933,BAR OR TAVERN,FALSE
2017,ROBBERY,2/10/2018,3:50:00 PM,41.74963923,-87.71746064,CONVENIENCE STORE,FALSE
2017,NARCOTICS,2/10/2018,3:50:00 PM,41.87541286,-87.71398543,SIDEWALK,TRUE
2017,CRIMINAL DAMAGE,2/10/2018,3:50:00 PM,41.78302035,-87.62054983,RESIDENTIAL YARD (FRONT/BACK),FALSE
2017,THEFT,2/10/2018,3:50:00 PM,41.71928081,-87.62359523,STREET,FALSE
2017,CRIM SEXUAL ASSAULT,2/10/2018,3:50:00 PM,41.99969947,-87.68871756,APARTMENT,FALSE
2017,BATTERY,2/10/2018,3:50:00 PM,41.90229589,-87.75131159,SIDEWALK,FALSE
2017,THEFT,2/10/2018,3:50:00 PM,41.93872052,-87.75520359,ATHLETIC CLUB,FALSE
2017,BATTERY,2/10/2018,3:50:00 PM,41.86816541,-87.62743954,CTA PLATFORM,TRUE
2017,BURGLARY,2/10/2018,3:50:00 PM,41.92141012,-87.75360716,RESIDENCE,FALSE
2017,CRIMINAL DAMAGE,2/10/2018,3:50:00 PM,41.88126649,-87.67984392,STREET,FALSE
2017,CRIMINAL TRESPASS,2/10/2018,3:50:00 PM,41.74781472,-87.65609332,STREET,FALSE
2017,CRIMINAL DAMAGE,2/10/2018,3:50:00 PM,41.91911215,-87.77555638,STREET,FALSE
2017,THEFT,2/10/2018,3:50:00 PM,41.9026704,-87.62994688,OTHER,FALSE
2017,ASSAULT,2/10/2018,3:50:00 PM,41.69175158,-87.68522565,PARKING LOT/GARAGE(NON.RESID.),TRUE
2017,DECEPTIVE PRACTICE,2/10/2018,3:50:00 PM,41.9026704,-87.62994688,OTHER,FALSE
2017,CRIMINAL DAMAGE,2/10/2018,3:50:00 PM,41.93633564,-87.65071012,PARKING LOT/GARAGE(NON.RESID.),FALSE
2017,BATTERY,2/10/2018,3:50:00 PM,41.85899558,-87.71326286,SIDEWALK,FALSE
2017,MOTOR VEHICLE THEFT,2/10/2018,3:50:00 PM,41.88275944,-87.70946372,STREET,FALSE
2017,THEFT,2/10/2018,3:50:00 PM,41.91481543,-87.63428857,STREET,FALSE
2017,THEFT,2/10/2018,3:50:00 PM,41.77615028,-87.61552262,CTA BUS,FALSE
2017,THEFT,2/10/2018,3:50:00 PM,41.87611141,-87.68443853,SIDEWALK,FALSE
2017,BATTERY,2/10/2018,3:50:00 PM,41.74853932,-87.66265996,APARTMENT,FALSE
2017,BATTERY,2/10/2018,3:50:00 PM,41.88321011,-87.63429166,APARTMENT,FALSE
2017,CRIMINAL DAMAGE,2/10/2018,3:50:00 PM,41.95320017,-87.76532961,PARKING LOT/GARAGE(NON.RESID.),FALSE
2017,BATTERY,2/10/2018,3:50:00 PM,41.72214851,-87.62624871,STREET,FALSE
2017,BATTERY,2/10/2018,3:50:00 PM,41.7613375,-87.62986881,ALLEY,FALSE
2017,BURGLARY,2/10/2018,3:50:00 PM,41.77787714,-87.7137076,RESIDENCE-GARAGE,FALSE
2017,DECEPTIVE PRACTICE,2/10/2018,3:50:00 PM,41.74503051,-87.65398258,APARTMENT,FALSE
2017,CRIMINAL DAMAGE,2/10/2018,3:50:00 PM,41.88233367,-87.62784179,DRUG STORE,FALSE
2017,THEFT,2/10/2018,3:50:00 PM,41.86655275,-87.62581253,GROCERY FOOD STORE,TRUE
2017,THEFT,2/10/2018,3:50:00 PM,41.80968751,-87.67497079,GROCERY FOOD STORE,TRUE
2017,THEFT,2/10/2018,3:50:00 PM,41.80462016,-87.68436817,CTA TRAIN,FALSE
2017,DECEPTIVE PRACTICE,2/10/2018,3:50:00 PM,41.69630195,-87.6886878,RESIDENCE,FALSE
2017,BATTERY,2/10/2018,3:50:00 PM,41.94704968,-87.74556356,APARTMENT,FALSE
2017,ASSAULT,2/10/2018,3:50:00 PM,41.80704602,-87.72600757,RESIDENCE,FALSE
2017,ASSAULT,2/10/2018,3:50:00 PM,41.76740997,-87.69065236,"SCHOOL, PUBLIC, BUILDING",FALSE
2017,BATTERY,2/10/2018,3:50:00 PM,41.80522919,-87.72963019,RESIDENCE,FALSE
2017,OTHER OFFENSE,2/10/2018,3:50:00 PM,41.90174914,-87.72627542,RESIDENCE,FALSE
2017,THEFT,2/10/2018,3:50:00 PM,41.91011672,-87.67744465,CTA TRAIN,FALSE
2017,BURGLARY,2/10/2018,3:50:00 PM,41.96772896,-87.65480232,RESIDENCE,FALSE
2017,THEFT,2/10/2018,3:50:00 PM,41.92160694,-87.66556501,PARKING LOT/GARAGE(NON.RESID.),FALSE
2017,THEFT,2/10/2018,3:50:00 PM,41.89281615,-87.6241932,DEPARTMENT STORE,TRUE
2017,DECEPTIVE PRACTICE,2/10/2018,3:50:00 PM,41.88171846,-87.62776043,RESIDENCE,FALSE
2017,ASSAULT,2/10/2018,3:50:00 PM,41.93186114,-87.64084988,RESIDENCE,FALSE
2017,OTHER OFFENSE,2/10/2018,3:50:00 PM,41.95573754,-87.71113113,APARTMENT,FALSE
2017,THEFT,2/10/2018,3:50:00 PM,41.89045157,-87.64877122,APARTMENT,FALSE
2017,CRIMINAL DAMAGE,2/10/2018,3:50:00 PM,41.8997378,-87.66550272,RESIDENCE,FALSE
2017,DECEPTIVE PRACTICE,2/10/2018,3:50:00 PM,42.00678109,-87.68802794,,FALSE
2017,THEFT,2/10/2018,3:50:00 PM,41.89317959,-87.63468615,BAR OR TAVERN,FALSE
2017,THEFT,2/10/2018,3:50:00 PM,41.88396972,-87.64419128,APARTMENT,FALSE
2017,DECEPTIVE PRACTICE,2/10/2018,3:50:00 PM,41.85878016,-87.62078837,,FALSE
2017,THEFT,2/10/2018,3:50:00 PM,41.90393147,-87.62929019,BAR OR TAVERN,FALSE
2017,CRIMINAL DAMAGE,2/10/2018,3:50:00 PM,41.97686058,-87.6850055,RESIDENCE-GARAGE,FALSE
2017,THEFT,2/10/2018,3:50:00 PM,41.92807654,-87.78560619,DEPARTMENT STORE,FALSE
2017,DECEPTIVE PRACTICE,2/10/2018,3:50:00 PM,41.98996625,-87.66621937,,FALSE
2017,THEFT,2/10/2018,3:50:00 PM,41.92500885,-87.70078061,APARTMENT,FALSE
2017,DECEPTIVE PRACTICE,2/10/2018,3:50:00 PM,41.89895063,-87.64421021,,FALSE
2017,THEFT,2/10/2018,3:50:00 PM,41.95247537,-87.71532437,RESIDENCE,FALSE
2017,BATTERY,2/10/2018,3:50:00 PM,41.90298621,-87.69037087,RESIDENCE,TRUE
2017,WEAPONS VIOLATION,2/10/2018,3:50:00 PM,41.86775223,-87.69715631,STREET,TRUE
2017,THEFT,2/10/2018,3:50:00 PM,41.86393215,-87.71778944,OTHER,FALSE
2017,THEFT,2/10/2018,3:50:00 PM,41.8434547,-87.72452569,GROCERY FOOD STORE,FALSE
2017,MOTOR VEHICLE THEFT,2/10/2018,3:50:00 PM,41.91216243,-87.72762796,STREET,FALSE
2017,THEFT,2/10/2018,3:50:00 PM,41.91980424,-87.76948764,SIDEWALK,FALSE
2017,BATTERY,2/10/2018,3:50:00 PM,41.91693076,-87.74643156,SIDEWALK,TRUE
2017,DECEPTIVE PRACTICE,2/10/2018,3:50:00 PM,41.91011672,-87.67744465,CTA TRAIN,FALSE
2017,THEFT,2/10/2018,3:50:00 PM,41.96672861,-87.76744511,GROCERY FOOD STORE,FALSE
2017,OFFENSE INVOLVING CHILDREN,2/10/2018,3:50:00 PM,41.91711483,-87.7305793,DAY CARE CENTER,FALSE
2017,ROBBERY,2/10/2018,3:50:00 PM,41.82010016,-87.69555173,SIDEWALK,FALSE
2017,BURGLARY,2/10/2018,3:50:00 PM,41.84380246,-87.70501991,RESIDENCE-GARAGE,FALSE
2017,THEFT,2/10/2018,3:50:00 PM,41.88350019,-87.6278767,DEPARTMENT STORE,TRUE
2017,DECEPTIVE PRACTICE,2/10/2018,3:50:00 PM,41.88004218,-87.64731069,SMALL RETAIL STORE,FALSE
2017,MOTOR VEHICLE THEFT,2/10/2018,3:50:00 PM,41.89399011,-87.70215558,STREET,FALSE
2017,KIDNAPPING,2/10/2018,3:50:00 PM,41.75596573,-87.65709614,RESIDENCE,FALSE
2017,THEFT,2/10/2018,3:50:00 PM,41.9790063,-87.90646316,AIRPORT TERMINAL LOWER LEVEL - NON-SECURE AREA,FALSE
2017,ASSAULT,2/10/2018,3:50:00 PM,41.69786512,-87.67830224,DRIVEWAY - RESIDENTIAL,FALSE
2017,ASSAULT,2/10/2018,3:50:00 PM,41.99837167,-87.66056911,CHA HALLWAY/STAIRWELL/ELEVATOR,FALSE
2017,BATTERY,2/10/2018,3:50:00 PM,41.80413311,-87.70385985,CTA TRAIN,FALSE
2017,THEFT,2/10/2018,3:50:00 PM,41.96881582,-87.67461815,GROCERY FOOD STORE,TRUE
2017,BATTERY,2/10/2018,3:50:00 PM,41.77911217,-87.6936959,GAS STATION,FALSE
2017,BATTERY,2/10/2018,3:50:00 PM,41.75183363,-87.558572,SIDEWALK,TRUE
2017,BURGLARY,2/10/2018,3:50:00 PM,41.81283805,-87.70537765,APARTMENT,FALSE
2017,ASSAULT,2/10/2018,3:50:00 PM,41.89330626,-87.76789167,ALLEY,FALSE
2017,ROBBERY,2/10/2018,3:50:00 PM,41.78210634,-87.72040224,SIDEWALK,FALSE
2017,OTHER OFFENSE,2/10/2018,3:50:00 PM,41.95753714,-87.65622297,RESIDENCE,FALSE
2017,BATTERY,2/10/2018,3:50:00 PM,41.7731084,-87.64263345,APARTMENT,FALSE
2017,THEFT,2/10/2018,3:50:00 PM,41.77116976,-87.70355536,PARK PROPERTY,FALSE
2017,MOTOR VEHICLE THEFT,2/10/2018,3:50:00 PM,41.86994508,-87.73182302,STREET,FALSE
2017,DECEPTIVE PRACTICE,2/10/2018,3:50:00 PM,41.88633725,-87.62068789,HOTEL/MOTEL,TRUE
2017,THEFT,2/10/2018,3:50:00 PM,41.75774667,-87.62474756,DRUG STORE,FALSE
2017,THEFT,2/10/2018,3:50:00 PM,41.72774941,-87.66283228,VEHICLE-COMMERCIAL,FALSE
2017,OTHER OFFENSE,2/10/2018,3:50:00 PM,41.72046873,-87.65767723,RESIDENCE,FALSE
2017,CRIMINAL TRESPASS,2/10/2018,3:50:00 PM,41.77279778,-87.68346828,CONVENIENCE STORE,TRUE
2017,WEAPONS VIOLATION,2/10/2018,3:50:00 PM,41.75740583,-87.64177196,RESIDENCE,TRUE
2017,THEFT,2/10/2018,3:50:00 PM,41.9790063,-87.90646316,AIRPORT TERMINAL UPPER LEVEL - SECURE AREA,FALSE
2017,BATTERY,2/10/2018,3:50:00 PM,41.9272208,-87.71950756,ALLEY,FALSE
2017,THEFT,2/10/2018,3:50:00 PM,41.90332046,-87.66906166,PARKING LOT/GARAGE(NON.RESID.),FALSE
2017,MOTOR VEHICLE THEFT,2/10/2018,3:50:00 PM,41.91692553,-87.74701948,STREET,FALSE
2017,BATTERY,2/10/2018,3:50:00 PM,41.85087055,-87.68070395,SIDEWALK,FALSE
2017,OFFENSE INVOLVING CHILDREN,2/10/2018,3:50:00 PM,41.6926082,-87.59690766,OTHER,FALSE
2017,THEFT,2/10/2018,3:50:00 PM,41.67158969,-87.63929826,RESIDENCE,FALSE
2017,THEFT,2/10/2018,3:50:00 PM,41.75620643,-87.57853037,STREET,FALSE
2017,NARCOTICS,2/10/2018,3:50:00 PM,41.76573639,-87.66381882,GAS STATION,TRUE
2017,ASSAULT,2/10/2018,3:50:00 PM,41.66708684,-87.62500326,RESIDENCE,FALSE
2017,THEFT,2/10/2018,3:50:00 PM,41.69888903,-87.62915834,RESIDENCE,FALSE
2017,THEFT,2/10/2018,3:50:00 PM,41.93374417,-87.64458185,OTHER,FALSE
2017,THEFT,2/10/2018,3:50:00 PM,41.8809696,-87.65467809,STREET,FALSE
2017,THEFT,2/10/2018,3:50:00 PM,41.88207699,-87.6267099,RESTAURANT,FALSE
2017,BATTERY,2/10/2018,3:50:00 PM,41.79006908,-87.65476868,STREET,FALSE
2017,ROBBERY,2/10/2018,3:50:00 PM,41.97007634,-87.65128034,SIDEWALK,FALSE
2017,THEFT,2/10/2018,3:50:00 PM,41.93901292,-87.76651407,PARKING LOT/GARAGE(NON.RESID.),FALSE
2017,THEFT,2/10/2018,3:50:00 PM,41.8854332,-87.62626529,RESTAURANT,FALSE
2017,THEFT,2/10/2018,3:50:00 PM,41.74483033,-87.60257727,APARTMENT,FALSE
2017,CRIMINAL DAMAGE,2/10/2018,3:50:00 PM,41.7533433,-87.66715438,ALLEY,FALSE
2017,THEFT,2/10/2018,3:50:00 PM,41.88249622,-87.62438077,RESTAURANT,FALSE
2017,DECEPTIVE PRACTICE,2/10/2018,3:50:00 PM,41.88249622,-87.62438077,RESTAURANT,FALSE
2017,CRIMINAL TRESPASS,2/10/2018,3:50:00 PM,41.89482155,-87.63213393,HOTEL/MOTEL,FALSE
2017,THEFT,2/10/2018,3:50:00 PM,42.00028539,-87.68264499,PARKING LOT/GARAGE(NON.RESID.),FALSE
2017,BATTERY,2/10/2018,3:50:00 PM,42.01551728,-87.67907482,RESIDENCE,TRUE
2017,DECEPTIVE PRACTICE,2/10/2018,3:50:00 PM,41.73972702,-87.60491052,DEPARTMENT STORE,FALSE
2017,OTHER OFFENSE,2/10/2018,3:50:00 PM,41.83898801,-87.70886152,STREET,FALSE
2017,BATTERY,2/10/2018,3:50:00 PM,41.75237981,-87.70611753,RESIDENCE,FALSE
2017,ROBBERY,2/10/2018,3:50:00 PM,41.86602392,-87.73557513,SIDEWALK,FALSE
2017,BATTERY,2/10/2018,3:50:00 PM,41.8751929,-87.62869508,SIDEWALK,FALSE
2017,BATTERY,2/10/2018,3:50:00 PM,41.69338228,-87.70159062,RESIDENCE,FALSE
2017,BATTERY,2/10/2018,3:50:00 PM,41.77449105,-87.62275592,APARTMENT,FALSE
2017,ROBBERY,2/10/2018,3:50:00 PM,41.85799202,-87.65375377,SMALL RETAIL STORE,FALSE
2017,BATTERY,2/10/2018,3:50:00 PM,41.78491783,-87.61325785,RESIDENCE,FALSE
2017,ASSAULT,2/10/2018,3:50:00 PM,41.78832867,-87.66686563,STREET,FALSE
2017,DECEPTIVE PRACTICE,2/10/2018,3:50:00 PM,41.78395344,-87.61176167,STREET,TRUE
2017,OTHER OFFENSE,2/10/2018,3:50:00 PM,41.79381982,-87.65325859,STREET,TRUE
2017,INTERFERENCE WITH PUBLIC OFFICER,2/10/2018,3:50:00 PM,41.88721608,-87.75562045,STREET,TRUE
2017,NARCOTICS,2/10/2018,3:50:00 PM,41.76794719,-87.6626888,STREET,TRUE
2017,NARCOTICS,2/10/2018,3:50:00 PM,41.86561599,-87.72271848,STREET,TRUE
2017,CRIMINAL TRESPASS,2/10/2018,3:50:00 PM,41.75047239,-87.63429712,RESTAURANT,TRUE
2017,MOTOR VEHICLE THEFT,2/10/2018,3:50:00 PM,41.88777543,-87.67067338,STREET,FALSE
2017,BURGLARY,2/10/2018,3:50:00 PM,41.90621102,-87.73196396,RESIDENCE,FALSE
2017,CRIMINAL DAMAGE,2/10/2018,3:50:00 PM,41.76230406,-87.59882364,APARTMENT,FALSE
2017,NARCOTICS,2/10/2018,3:50:00 PM,41.87886004,-87.72639663,RESIDENCE PORCH/HALLWAY,TRUE
2017,MOTOR VEHICLE THEFT,2/10/2018,3:50:00 PM,41.88068796,-87.63156139,STREET,FALSE
2017,DECEPTIVE PRACTICE,2/10/2018,3:50:00 PM,41.76394975,-87.57254191,STREET,FALSE
2017,BATTERY,2/10/2018,3:50:00 PM,41.99047377,-87.69367354,SIDEWALK,FALSE
2017,BATTERY,2/10/2018,3:50:00 PM,41.89185127,-87.7105028,APARTMENT,FALSE
2017,WEAPONS VIOLATION,2/10/2018,3:50:00 PM,41.92263255,-87.7283153,STREET,TRUE
2017,THEFT,2/10/2018,3:50:00 PM,41.78575449,-87.70333565,STREET,FALSE
2017,ASSAULT,2/10/2018,3:50:00 PM,41.95362033,-87.73040825,CTA TRAIN,FALSE
2017,NARCOTICS,2/10/2018,3:50:00 PM,41.88689348,-87.73443312,STREET,TRUE
2017,THEFT,2/10/2018,3:50:00 PM,41.93017797,-87.64892727,STREET,FALSE
2017,THEFT,2/10/2018,3:50:00 PM,41.80865158,-87.60777989,RESIDENCE PORCH/HALLWAY,FALSE
2017,CRIMINAL DAMAGE,2/10/2018,3:50:00 PM,41.91616306,-87.67758482,STREET,FALSE
2017,CRIMINAL DAMAGE,2/10/2018,3:50:00 PM,41.79874193,-87.62580711,"SCHOOL, PUBLIC, GROUNDS",FALSE
2017,THEFT,2/10/2018,3:50:00 PM,41.88574103,-87.63171175,CTA STATION,FALSE
2017,THEFT,2/10/2018,3:50:00 PM,41.7264074,-87.6191025,RESIDENCE,FALSE
2017,BATTERY,2/10/2018,3:50:00 PM,41.74444934,-87.55258165,GAS STATION,FALSE
2017,ASSAULT,2/10/2018,3:50:00 PM,41.82484524,-87.62310196,APARTMENT,FALSE
2017,BURGLARY,2/10/2018,3:50:00 PM,41.9438537,-87.65422848,RESTAURANT,FALSE
2017,BATTERY,2/10/2018,3:50:00 PM,41.87415339,-87.73523869,PARKING LOT/GARAGE(NON.RESID.),TRUE
2017,OTHER OFFENSE,2/10/2018,3:50:00 PM,41.8771038,-87.72433861,SIDEWALK,TRUE
2017,ASSAULT,2/10/2018,3:50:00 PM,41.93343622,-87.64539737,DRUG STORE,FALSE
2017,DECEPTIVE PRACTICE,2/10/2018,3:50:00 PM,41.94937224,-87.64775151,APARTMENT,FALSE
2017,CRIMINAL DAMAGE,2/10/2018,3:50:00 PM,41.79985882,-87.67568021,STREET,FALSE
2017,BATTERY,2/10/2018,3:50:00 PM,41.81827225,-87.68960846,APARTMENT,FALSE
2017,DECEPTIVE PRACTICE,2/10/2018,3:50:00 PM,41.88574103,-87.63171175,CTA STATION,FALSE
2017,THEFT,2/10/2018,3:50:00 PM,41.91866907,-87.64852851,VEHICLE - DELIVERY TRUCK,FALSE
2017,THEFT,2/10/2018,3:50:00 PM,41.74271022,-87.63408818,SMALL RETAIL STORE,FALSE
2017,MOTOR VEHICLE THEFT,2/10/2018,3:50:00 PM,41.79125989,-87.73734469,STREET,FALSE
2017,BATTERY,2/10/2018,3:50:00 PM,41.79470562,-87.62189459,APARTMENT,TRUE
2017,ROBBERY,2/10/2018,3:50:00 PM,41.65660395,-87.61491583,RESIDENTIAL YARD (FRONT/BACK),FALSE
2017,THEFT,2/10/2018,3:50:00 PM,41.69590816,-87.59582281,DEPARTMENT STORE,TRUE
2017,BURGLARY,2/10/2018,3:50:00 PM,41.9047804,-87.7730252,RESIDENCE,FALSE
2017,BURGLARY,2/10/2018,3:50:00 PM,41.94337268,-87.74829899,RESIDENCE,FALSE
2017,NARCOTICS,2/10/2018,3:50:00 PM,41.80259934,-87.67454455,STREET,TRUE
2017,BURGLARY,2/10/2018,3:50:00 PM,41.87122199,-87.66780064,APARTMENT,FALSE
2017,THEFT,2/10/2018,3:50:00 PM,41.73898458,-87.64978137,RESIDENCE,FALSE
2017,CRIMINAL TRESPASS,2/10/2018,3:50:00 PM,41.7792002,-87.68201043,STREET,TRUE
2017,ROBBERY,2/10/2018,3:50:00 PM,41.90574904,-87.63347644,SIDEWALK,FALSE
2017,CRIMINAL TRESPASS,2/10/2018,3:50:00 PM,42.01551728,-87.67907482,RESIDENCE,TRUE
2017,MOTOR VEHICLE THEFT,2/10/2018,3:50:00 PM,41.93315916,-87.79554071,DRIVEWAY - RESIDENTIAL,FALSE
2017,NARCOTICS,2/10/2018,3:50:00 PM,41.81380316,-87.70471526,PARKING LOT/GARAGE(NON.RESID.),TRUE
2017,BATTERY,2/10/2018,3:50:00 PM,41.73701379,-87.69061109,RESIDENCE,TRUE
2017,NARCOTICS,2/10/2018,3:50:00 PM,41.76410497,-87.66500873,APARTMENT,TRUE
2017,OTHER OFFENSE,2/10/2018,3:50:00 PM,41.89567673,-87.77113238,RESIDENCE,FALSE
2017,OTHER OFFENSE,2/10/2018,3:50:00 PM,41.78384036,-87.59142438,APARTMENT,FALSE
2017,THEFT,2/10/2018,3:50:00 PM,41.86249173,-87.70718647,RESIDENCE,FALSE
2017,MOTOR VEHICLE THEFT,2/10/2018,3:50:00 PM,41.91440147,-87.76239282,STREET,FALSE
2017,CRIM SEXUAL ASSAULT,2/10/2018,3:50:00 PM,41.96924822,-87.7867907,RESIDENCE,FALSE
2017,THEFT,2/10/2018,3:50:00 PM,41.89079369,-87.75055661,STREET,FALSE
2017,THEFT,2/10/2018,3:50:00 PM,41.88171846,-87.62776043,DEPARTMENT STORE,TRUE
2017,ROBBERY,2/10/2018,3:50:00 PM,41.77368296,-87.64462893,SIDEWALK,FALSE
2017,CRIMINAL DAMAGE,2/10/2018,3:50:00 PM,41.7636479,-87.627582,RESIDENCE,FALSE
2017,BATTERY,2/10/2018,3:50:00 PM,41.78415733,-87.67160942,RESIDENCE,FALSE
2017,BATTERY,2/10/2018,3:50:00 PM,41.88449753,-87.6258386,OTHER,FALSE
2017,ROBBERY,2/10/2018,3:50:00 PM,41.91569313,-87.63873571,STREET,FALSE
2017,INTERFERENCE WITH PUBLIC OFFICER,2/10/2018,3:50:00 PM,41.65367189,-87.60949256,STREET,TRUE
2017,BATTERY,2/10/2018,3:50:00 PM,41.78650337,-87.62063225,APARTMENT,FALSE
2017,BURGLARY,2/10/2018,3:50:00 PM,41.89109236,-87.70518839,APARTMENT,FALSE
2017,BATTERY,2/10/2018,3:50:00 PM,41.77279778,-87.68346828,STREET,FALSE
2017,CRIMINAL TRESPASS,2/10/2018,3:50:00 PM,41.68477967,-87.64214387,GAS STATION,TRUE
2017,OTHER OFFENSE,2/10/2018,3:50:00 PM,41.76240699,-87.66372148,VEHICLE NON-COMMERCIAL,TRUE
2017,DECEPTIVE PRACTICE,2/10/2018,3:50:00 PM,41.87227988,-87.62936594,RESTAURANT,FALSE
2017,THEFT,2/10/2018,3:50:00 PM,41.90159237,-87.6869907,STREET,FALSE
2017,ASSAULT,2/10/2018,3:50:00 PM,41.6474468,-87.61723483,APARTMENT,TRUE
2017,ROBBERY,2/10/2018,3:50:00 PM,41.72241047,-87.60448707,GAS STATION,FALSE
2017,OTHER OFFENSE,2/10/2018,3:50:00 PM,41.86990145,-87.71840406,APARTMENT,FALSE
2017,BATTERY,2/10/2018,3:50:00 PM,41.77596921,-87.59731493,APARTMENT,FALSE
2017,ASSAULT,2/10/2018,3:50:00 PM,41.88189307,-87.73858166,HOTEL/MOTEL,TRUE
2017,BATTERY,2/10/2018,3:50:00 PM,41.96596163,-87.65479165,NURSING HOME/RETIREMENT HOME,FALSE
2017,BATTERY,2/10/2018,3:50:00 PM,41.87148916,-87.62751679,ALLEY,TRUE
2017,BATTERY,2/10/2018,3:50:00 PM,41.82336297,-87.68913555,SIDEWALK,TRUE
2017,BATTERY,2/10/2018,3:50:00 PM,41.92270262,-87.77689572,APARTMENT,FALSE
2017,OTHER OFFENSE,2/10/2018,3:50:00 PM,41.87831218,-87.71220957,STREET,FALSE
2017,THEFT,2/10/2018,3:50:00 PM,41.87373742,-87.70162788,STREET,FALSE
2017,BATTERY,2/10/2018,3:50:00 PM,41.89594474,-87.67491573,STREET,FALSE
2017,THEFT,2/10/2018,3:50:00 PM,41.71557103,-87.64305572,GAS STATION,FALSE
2017,MOTOR VEHICLE THEFT,2/10/2018,3:50:00 PM,41.75113098,-87.70608571,STREET,TRUE
2017,BATTERY,2/10/2018,3:50:00 PM,41.99994734,-87.66724457,APARTMENT,FALSE
2017,THEFT,2/10/2018,3:50:00 PM,41.90966425,-87.74272882,DEPARTMENT STORE,TRUE
2017,THEFT,2/10/2018,3:50:00 PM,41.90966425,-87.74272882,DEPARTMENT STORE,TRUE
2017,BATTERY,2/10/2018,3:50:00 PM,41.7863994,-87.69389848,GAS STATION,FALSE
2017,BATTERY,2/10/2018,3:50:00 PM,41.77596921,-87.59731493,RESIDENCE,FALSE
2017,CRIMINAL DAMAGE,2/10/2018,3:50:00 PM,41.87392849,-87.75618074,APARTMENT,FALSE
2017,BURGLARY,2/10/2018,3:50:00 PM,41.75223565,-87.65933417,APARTMENT,FALSE
2017,OTHER OFFENSE,2/10/2018,3:50:00 PM,41.87773535,-87.66048095,APARTMENT,FALSE
2017,BATTERY,2/10/2018,3:50:00 PM,41.74861725,-87.61122305,APARTMENT,FALSE
2017,NARCOTICS,2/10/2018,3:50:00 PM,41.74465421,-87.71008428,STREET,TRUE
2017,ASSAULT,2/10/2018,3:50:00 PM,41.74397044,-87.58579712,STREET,FALSE
2017,BATTERY,2/10/2018,3:50:00 PM,41.92898953,-87.7514071,STREET,TRUE
2017,MOTOR VEHICLE THEFT,2/10/2018,3:50:00 PM,41.75123521,-87.68287957,STREET,FALSE
2017,BATTERY,2/10/2018,3:50:00 PM,41.88901706,-87.71978897,RESIDENCE,FALSE
2017,BATTERY,2/10/2018,3:50:00 PM,41.89891487,-87.74589865,GAS STATION,FALSE
2017,OTHER OFFENSE,2/10/2018,3:50:00 PM,41.94398296,-87.77271517,RESIDENCE,FALSE
2017,BATTERY,2/10/2018,3:50:00 PM,41.87822158,-87.74933791,APARTMENT,TRUE
2017,THEFT,2/10/2018,3:50:00 PM,41.95105804,-87.64377054,PARK PROPERTY,TRUE
2017,CRIMINAL DAMAGE,2/10/2018,3:50:00 PM,41.86923277,-87.68610886,BAR OR TAVERN,TRUE
2017,THEFT,2/10/2018,3:50:00 PM,41.7119475,-87.53842767,STREET,FALSE
2017,BATTERY,2/10/2018,3:50:00 PM,41.74179732,-87.5757971,RESIDENCE,FALSE
2017,NARCOTICS,2/10/2018,3:50:00 PM,41.82875784,-87.68032319,STREET,TRUE
2017,NARCOTICS,2/10/2018,3:50:00 PM,41.88224005,-87.76538197,STREET,TRUE
2017,MOTOR VEHICLE THEFT,2/10/2018,3:50:00 PM,41.93215172,-87.71227918,STREET,FALSE
2017,BURGLARY,2/10/2018,3:50:00 PM,41.91284761,-87.71663631,APARTMENT,FALSE
2017,ROBBERY,2/10/2018,3:50:00 PM,41.91549197,-87.71439536,SIDEWALK,FALSE
2017,BURGLARY,2/10/2018,3:50:00 PM,41.91102408,-87.69578631,RESIDENCE,FALSE
2017,BATTERY,2/10/2018,3:50:00 PM,41.75812504,-87.60537689,STREET,FALSE
2017,BATTERY,2/10/2018,3:50:00 PM,41.78442084,-87.65097828,RESIDENCE,FALSE
2017,CRIMINAL TRESPASS,2/10/2018,3:50:00 PM,41.85287149,-87.69148232,RESIDENCE-GARAGE,FALSE
2017,BATTERY,2/10/2018,3:50:00 PM,41.7402306,-87.66803374,RESIDENCE,FALSE
2017,THEFT,2/10/2018,3:50:00 PM,41.82319282,-87.66842667,VEHICLE NON-COMMERCIAL,FALSE
2017,BURGLARY,2/10/2018,3:50:00 PM,41.99893028,-87.66553344,APARTMENT,FALSE
2017,BATTERY,2/10/2018,3:50:00 PM,41.745773,-87.69740186,STREET,FALSE
2017,ASSAULT,2/10/2018,3:50:00 PM,41.78213341,-87.61167208,APARTMENT,FALSE
2017,BATTERY,2/10/2018,3:50:00 PM,41.74319921,-87.62431758,STREET,FALSE
2017,NON-CRIMINAL,2/10/2018,3:50:00 PM,41.84012446,-87.72321777,RESIDENCE,FALSE
2017,OTHER OFFENSE,2/10/2018,3:50:00 PM,41.8401747,-87.70857108,APARTMENT,TRUE
2017,THEFT,2/10/2018,3:50:00 PM,41.83046966,-87.66825964,SMALL RETAIL STORE,FALSE
2017,OTHER OFFENSE,2/10/2018,3:50:00 PM,41.76190581,-87.56643395,APARTMENT,TRUE
2017,BATTERY,2/10/2018,3:50:00 PM,41.81305858,-87.69312717,RESIDENCE,TRUE
2017,CRIMINAL TRESPASS,2/10/2018,3:50:00 PM,41.94188776,-87.72604554,RESIDENCE,TRUE
2017,MOTOR VEHICLE THEFT,2/10/2018,3:50:00 PM,41.80189303,-87.69280188,RESIDENCE,FALSE
2017,ROBBERY,2/10/2018,3:50:00 PM,41.83715143,-87.64259844,STREET,FALSE
2017,BATTERY,2/10/2018,3:50:00 PM,41.92607863,-87.66674206,RESIDENCE,FALSE
2017,MOTOR VEHICLE THEFT,2/10/2018,3:50:00 PM,41.93166857,-87.79427064,STREET,FALSE
2017,OTHER OFFENSE,2/10/2018,3:50:00 PM,41.91965922,-87.74710469,STREET,TRUE
2017,NARCOTICS,2/10/2018,3:50:00 PM,41.87988505,-87.76975058,VEHICLE-COMMERCIAL,TRUE
2017,OTHER OFFENSE,2/10/2018,3:50:00 PM,41.7883222,-87.62230252,STREET,FALSE
2017,BURGLARY,2/10/2018,3:50:00 PM,41.80286904,-87.60642207,RESTAURANT,FALSE
2017,CRIMINAL DAMAGE,2/10/2018,3:50:00 PM,41.89608313,-87.62976573,APARTMENT,FALSE
2017,CRIMINAL DAMAGE,2/10/2018,3:50:00 PM,41.98870785,-87.82080338,RESIDENCE,FALSE
2017,THEFT,2/10/2018,3:50:00 PM,41.81045307,-87.59334758,STREET,FALSE
2017,CRIMINAL DAMAGE,2/10/2018,3:50:00 PM,41.89340994,-87.66273687,STREET,FALSE
2017,OTHER OFFENSE,2/10/2018,3:50:00 PM,41.90050834,-87.74679134,OTHER,FALSE
2017,CRIMINAL DAMAGE,2/10/2018,3:50:00 PM,41.942658,-87.79343192,STREET,FALSE
2017,CRIMINAL DAMAGE,2/10/2018,3:50:00 PM,41.81429851,-87.61157523,RESIDENTIAL YARD (FRONT/BACK),FALSE
2017,BURGLARY,2/10/2018,3:50:00 PM,41.79978555,-87.71844039,RESIDENCE-GARAGE,FALSE
2017,MOTOR VEHICLE THEFT,2/10/2018,3:50:00 PM,41.89817057,-87.72006132,RESIDENTIAL YARD (FRONT/BACK),FALSE
2017,BURGLARY,2/10/2018,3:50:00 PM,41.74781261,-87.54797123,RESIDENCE-GARAGE,FALSE
2017,MOTOR VEHICLE THEFT,2/10/2018,3:50:00 PM,41.87485061,-87.73527258,GAS STATION,FALSE
2017,MOTOR VEHICLE THEFT,2/10/2018,3:50:00 PM,41.88096623,-87.70671971,STREET,FALSE
2017,BURGLARY,2/10/2018,3:50:00 PM,41.65445777,-87.61314665,APARTMENT,FALSE
2017,OTHER OFFENSE,2/10/2018,3:50:00 PM,41.79433222,-87.64346178,STREET,TRUE
2017,BATTERY,2/10/2018,3:50:00 PM,41.92490244,-87.76602531,NURSING HOME/RETIREMENT HOME,FALSE
2017,ASSAULT,2/10/2018,3:50:00 PM,41.70131507,-87.62693107,RESIDENCE,FALSE
2017,THEFT,2/10/2018,3:50:00 PM,41.68046534,-87.61789022,RESIDENCE,FALSE
2017,ROBBERY,2/10/2018,3:50:00 PM,41.87001376,-87.72610215,SIDEWALK,FALSE
2017,ASSAULT,2/10/2018,3:50:00 PM,41.75281469,-87.57356763,RESIDENCE,FALSE
2017,DECEPTIVE PRACTICE,2/10/2018,3:50:00 PM,41.8114492,-87.66261304,RESIDENCE,FALSE
2017,BATTERY,2/10/2018,3:50:00 PM,41.80760832,-87.67466196,"SCHOOL, PUBLIC, BUILDING",TRUE
2017,THEFT,2/10/2018,3:50:00 PM,41.94565513,-87.64567405,STREET,FALSE
2017,MOTOR VEHICLE THEFT,2/10/2018,3:50:00 PM,41.93284269,-87.78491124,STREET,FALSE
2017,CRIMINAL TRESPASS,2/10/2018,3:50:00 PM,41.97836928,-87.71117934,STREET,FALSE
2017,THEFT,2/10/2018,3:50:00 PM,41.86741494,-87.62723119,STREET,FALSE
2017,BURGLARY,2/10/2018,3:50:00 PM,41.69845564,-87.5292418,RESIDENCE-GARAGE,FALSE
2017,THEFT,2/10/2018,3:50:00 PM,41.97836928,-87.71117934,STREET,FALSE
2017,CRIMINAL DAMAGE,2/10/2018,3:50:00 PM,41.97111183,-87.7782728,RESIDENCE-GARAGE,FALSE
2017,ROBBERY,2/10/2018,3:50:00 PM,41.98257887,-87.6991408,RESIDENTIAL YARD (FRONT/BACK),FALSE
2017,CRIMINAL DAMAGE,2/10/2018,3:50:00 PM,41.72830324,-87.61330794,APARTMENT,FALSE
2017,THEFT,2/10/2018,3:50:00 PM,41.76592375,-87.68939524,RESIDENCE PORCH/HALLWAY,FALSE
2017,CRIMINAL DAMAGE,2/10/2018,3:50:00 PM,41.81487675,-87.61363403,APARTMENT,FALSE
2017,BATTERY,2/10/2018,3:50:00 PM,41.90843054,-87.63850953,RESIDENCE PORCH/HALLWAY,FALSE
2017,CRIMINAL DAMAGE,2/10/2018,3:50:00 PM,41.75271147,-87.58333557,STREET,TRUE
2017,BURGLARY,2/10/2018,3:50:00 PM,41.99553761,-87.65555544,RESIDENCE,FALSE
2017,BATTERY,2/10/2018,3:50:00 PM,42.01225315,-87.69148305,NURSING HOME/RETIREMENT HOME,FALSE
2017,CRIMINAL DAMAGE,2/10/2018,3:50:00 PM,42.01143819,-87.67310778,APARTMENT,FALSE
2017,ASSAULT,2/10/2018,3:50:00 PM,41.86729668,-87.71118175,SIDEWALK,FALSE
2017,MOTOR VEHICLE THEFT,2/10/2018,3:50:00 PM,41.94197288,-87.78782498,STREET,FALSE
2017,BATTERY,2/10/2018,3:50:00 PM,42.01256316,-87.6788328,RESIDENCE,FALSE
2017,CRIMINAL DAMAGE,2/10/2018,3:50:00 PM,41.88461155,-87.67788552,ABANDONED BUILDING,FALSE
2017,MOTOR VEHICLE THEFT,2/10/2018,3:50:00 PM,41.88048995,-87.7458875,STREET,FALSE
2017,MOTOR VEHICLE THEFT,2/10/2018,3:50:00 PM,41.90200691,-87.69536175,STREET,FALSE
2017,ASSAULT,2/10/2018,3:50:00 PM,41.73571621,-87.668509,PARKING LOT/GARAGE(NON.RESID.),FALSE
2017,CRIMINAL TRESPASS,2/10/2018,3:50:00 PM,41.72092149,-87.63834277,RESIDENCE,FALSE
2017,THEFT,2/10/2018,3:50:00 PM,41.80615947,-87.64381907,RESIDENCE,FALSE
2017,CRIMINAL DAMAGE,2/10/2018,3:50:00 PM,41.88429257,-87.66115764,PARKING LOT/GARAGE(NON.RESID.),FALSE
2017,OTHER OFFENSE,2/10/2018,3:50:00 PM,41.76964972,-87.66759055,RESIDENCE,FALSE
2017,ASSAULT,2/10/2018,3:50:00 PM,41.93633564,-87.65071012,HOSPITAL BUILDING/GROUNDS,FALSE
2017,THEFT,2/10/2018,3:50:00 PM,41.90337497,-87.66474115,PARKING LOT/GARAGE(NON.RESID.),FALSE
2017,BATTERY,2/10/2018,3:50:00 PM,41.89039785,-87.67765743,OTHER,FALSE
2017,THEFT,2/10/2018,3:50:00 PM,42.01849825,-87.67298323,CTA TRAIN,FALSE
2017,THEFT,2/10/2018,3:50:00 PM,41.93516115,-87.6623548,STREET,FALSE
2017,THEFT,2/10/2018,3:50:00 PM,41.86016522,-87.72621369,VEHICLE NON-COMMERCIAL,FALSE
2017,BURGLARY,2/10/2018,3:50:00 PM,41.89681565,-87.67796643,APARTMENT,FALSE
2017,THEFT,2/10/2018,3:50:00 PM,41.85886763,-87.72526053,CTA BUS STOP,FALSE
2017,MOTOR VEHICLE THEFT,2/10/2018,3:50:00 PM,41.94884347,-87.74860555,STREET,TRUE
2017,THEFT,2/10/2018,3:50:00 PM,41.92544627,-87.68522866,STREET,FALSE
2017,THEFT,2/10/2018,3:50:00 PM,41.96224914,-87.66374362,APARTMENT,FALSE
2017,BATTERY,2/10/2018,3:50:00 PM,41.81057198,-87.61818666,APARTMENT,FALSE
2017,ASSAULT,2/10/2018,3:50:00 PM,41.86494098,-87.72635575,APARTMENT,FALSE
2017,BATTERY,2/10/2018,3:50:00 PM,41.88194977,-87.6473674,STREET,TRUE
2017,DECEPTIVE PRACTICE,2/10/2018,3:50:00 PM,41.93183394,-87.72364555,RESIDENCE,FALSE
2017,BATTERY,2/10/2018,3:50:00 PM,41.90298747,-87.69010637,APARTMENT,FALSE
2017,BATTERY,2/10/2018,3:50:00 PM,41.91769289,-87.68070329,OTHER,FALSE
2017,THEFT,2/10/2018,3:50:00 PM,41.77320454,-87.67012731,STREET,FALSE
2017,BATTERY,2/10/2018,3:50:00 PM,41.85405928,-87.73458536,OTHER COMMERCIAL TRANSPORTATION,FALSE
2017,CRIMINAL DAMAGE,2/10/2018,3:50:00 PM,41.87752757,-87.75809449,STREET,FALSE
2017,BURGLARY,2/10/2018,3:50:00 PM,41.75466014,-87.56386314,RESIDENCE,FALSE
2017,CRIMINAL TRESPASS,2/10/2018,3:50:00 PM,41.78516658,-87.61091573,APARTMENT,FALSE
2017,BATTERY,2/10/2018,3:50:00 PM,41.939104,-87.72635129,APARTMENT,FALSE
2017,BATTERY,2/10/2018,3:50:00 PM,41.72752629,-87.5620879,APARTMENT,FALSE
2017,DECEPTIVE PRACTICE,2/10/2018,3:50:00 PM,41.8978375,-87.62409724,SMALL RETAIL STORE,FALSE
2017,BURGLARY,2/10/2018,3:50:00 PM,41.77270012,-87.63051818,OTHER,FALSE
2017,OTHER OFFENSE,2/10/2018,3:50:00 PM,41.85834654,-87.72118715,"SCHOOL, PUBLIC, BUILDING",FALSE
2017,NARCOTICS,2/10/2018,3:50:00 PM,41.87967375,-87.70372124,STREET,TRUE
2017,OTHER OFFENSE,2/10/2018,3:50:00 PM,41.96927313,-87.71950114,RESIDENCE,FALSE
2017,MOTOR VEHICLE THEFT,2/10/2018,3:50:00 PM,41.88538607,-87.70701439,DRIVEWAY - RESIDENTIAL,FALSE
2017,ROBBERY,2/10/2018,3:50:00 PM,41.92367262,-87.78630161,PARKING LOT/GARAGE(NON.RESID.),FALSE
2017,OTHER OFFENSE,2/10/2018,3:50:00 PM,41.83010968,-87.61005838,RESIDENCE,FALSE
2017,CRIMINAL DAMAGE,2/10/2018,3:50:00 PM,41.98392391,-87.7137845,STREET,FALSE
2017,THEFT,2/10/2018,3:50:00 PM,41.70802115,-87.64164594,STREET,FALSE
2017,THEFT,2/10/2018,3:50:00 PM,41.89274592,-87.70647237,RESIDENCE,FALSE
2017,ROBBERY,2/10/2018,3:50:00 PM,41.83539226,-87.6170444,SIDEWALK,FALSE
2017,OTHER OFFENSE,2/10/2018,3:50:00 PM,41.7273043,-87.60460028,VEHICLE NON-COMMERCIAL,TRUE
2017,BATTERY,2/10/2018,3:50:00 PM,41.90665156,-87.7596038,APARTMENT,TRUE
2017,ASSAULT,2/10/2018,3:50:00 PM,41.91344599,-87.74597484,COMMERCIAL / BUSINESS OFFICE,FALSE
2017,OTHER OFFENSE,2/10/2018,3:50:00 PM,41.77434973,-87.60457756,APARTMENT,FALSE
2017,OTHER OFFENSE,2/10/2018,3:50:00 PM,41.90385768,-87.77232796,VEHICLE NON-COMMERCIAL,TRUE
2017,CRIMINAL DAMAGE,2/10/2018,3:50:00 PM,41.86528778,-87.72758968,RESIDENCE,FALSE
2017,DECEPTIVE PRACTICE,2/10/2018,3:50:00 PM,41.88574029,-87.63159057,CTA GARAGE / OTHER PROPERTY,TRUE
2017,ASSAULT,2/10/2018,3:50:00 PM,41.88541338,-87.70497961,APARTMENT,FALSE
